search_keyword,product_id,title,price,status_code,status,location,registered_at,product_url
브레짜 분유,231814672,브라비 분유제조기 분유 유아 신생아 출산 육아 브레짜,49000,0,판매중,청담동,2026-08-27 14:44:39,https://web.joongna.com/product/231814672
브레짜 분유,231672145,26년 구입) 브레짜 분유제조기 #분유제조기 #금토일만 16만원,170000,0,판매중,,2026-08-26 23:19:11,https://web.joongna.com/product/231672145
브레짜 분유,231442430,베이비브레짜 분유제조기(상태최상급) 깔대기3개,150000,0,판매중,대산동,2026-08-11 11:06:30,https://web.joongna.com/product/231442430
브레짜 분유,231226455,베이비브레짜 분유제조기+깔때기3개 <미개봉새제품>,250000,0,판매중,,2026-08-10 16:49:21,https://web.joongna.com/product/231226455
브레짜 분유,231107910,베이비브레짜 분유제조기 새상품 미개봉 택포,180000,3,판매완료,동탄7동,2026-08-07 17:59:00,https://web.joongna.com/product/231107910
브레짜 분유,214321101,베이비브레짜 분유제조기 화이트,99000,0,판매중,화순읍,2026-07-21 18:50:57,https://web.joongna.com/product/214321101
브레짜 분유,230490991,베이비브레짜 분유제조기,220000,0,판매중,,2026-07-21 07:19:39,https://web.joongna.com/product/230490991
브레짜 분유,230733741,베이비 브레짜 자동 분유제조기 출수형 분유포트 BRZFRP-1A,210000,0,판매중,대연제1동,2026-07-18 12:35:49,https://web.joongna.com/product/230733741
브레짜 분유,230642442,베이비브레짜 분유제조기 화이트,150000,0,판매중,운정1동,2026-07-15 13:23:24,https://web.joongna.com/product/230642442
브레짜 분유,229635363,브레짜 자동 분유제조기,180000,0,판매중,수송동,2026-07-15 07:54:34,https://web.joongna.com/product/229635363
브레짜 분유,230506706,베이비브레짜 분유제조기 2026년 6월 신상품,150000,3,판매완료,상현1동,2026-07-11 01:23:48,https://web.joongna.com/product/230506706
브레짜 분유,229530683,베이비브레짜 분유제조기 팝니다,69000,3,판매완료,황학동,2026-07-07 11:42:10,https://web.joongna.com/product/229530683
브레짜 분유,230349691,분유제조기 베이비 브레짜 미개봉,200000,3,판매완료,반월동,2026-07-06 11:22:03,https://web.joongna.com/product/230349691
브레짜 분유,230221027,베이비 브레짜 분유제조기 판매합니다!,120000,0,판매중,,2026-07-05 10:17:26,https://web.joongna.com/product/230221027
브레짜 분유,230041335,브레짜 젖병세척기 + 분유제조기 세트,400000,3,판매완료,,2026-06-26 22:26:18,https://web.joongna.com/product/230041335
브레짜 분유,229242299,브레짜 분유제조기,160000,3,판매완료,배곧1동,2026-06-06 11:14:14,https://web.joongna.com/product/229242299
브레짜 분유,229043261,베이비브레짜 신형 자동 분유제조기,150000,0,판매중,,2026-05-27 20:40:33,https://web.joongna.com/product/229043261
브레짜 분유,228834130,브레짜 분유제조기,19000,3,판매완료,오남읍,2026-05-22 22:44:43,https://web.joongna.com/product/228834130
브레짜 분유,228853343,브레짜 분유제조기 새상품,270000,0,판매중,도화1동,2026-05-22 07:45:34,https://web.joongna.com/product/228853343
브레짜 분유,228726928,브레짜 분유제조기 미개봉 새상품,204000,3,판매완료,,2026-05-18 15:05:50,https://web.joongna.com/product/228726928
브레짜 분유,228649194,베이비브레짜 분유제조기,230000,3,판매완료,,2026-05-16 09:27:28,https://web.joongna.com/product/228649194
브레짜 분유,228370520,브레짜 젖병세척기 + 분유제조기 세트 +꿈비분유쉐이커,400000,3,판매완료,고천동,2026-05-08 11:14:17,https://web.joongna.com/product/228370520
브레짜 분유,228054453,브레짜 분유제조기 새싱품,219000,0,판매중,,2026-05-06 17:05:14,https://web.joongna.com/product/228054453
브레짜 분유,228123614,베이비 브레짜 올인원 젖병세척기 블랙 + 분유제조기 블랙 미개봉 팝니다,350000,3,판매완료,,2026-05-06 10:38:13,https://web.joongna.com/product/228123614
브레짜 분유,227892578,베이비브레짜 분유제조기,240000,0,판매중,권선2동,2026-04-26 11:59:08,https://web.joongna.com/product/227892578
브레짜 분유,227934695,(새상품급)브레짜 분유제조기,160000,3,판매완료,효문동,2026-04-26 08:53:46,https://web.joongna.com/product/227934695
브레짜 분유,227885233,[미개봉]베이비 브레짜 분유제조기 출수형 분유포트 화이트,240000,3,판매완료,화곡제4동,2026-04-24 19:03:49,https://web.joongna.com/product/227885233
브레짜 분유,227728921,베이비브레짜 분유제조기 화이트+깔때기2개,200000,3,판매완료,탄벌동,2026-04-22 15:40:46,https://web.joongna.com/product/227728921
브레짜 분유,227595207,베이비브레짜 분유제조기 미개봉 새제품,200000,3,판매완료,남포동,2026-04-17 00:08:56,https://web.joongna.com/product/227595207
브레짜 분유,227526560,분유제조기 베이비브레짜,68000,0,판매중,,2026-04-15 10:43:35,https://web.joongna.com/product/227526560
브레짜 분유,227347612,베이비브레짜 분유제조기 새상품,200000,3,판매완료,,2026-04-10 15:53:52,https://web.joongna.com/product/227347612
브레짜 분유,227139292,베이비브레짜 분유제조기,15000,0,판매중,내동,2026-04-05 11:05:11,https://web.joongna.com/product/227139292
브레짜 분유,227020598,브레짜분유제조기(블랙)&브레짜분유세척기 미개봉 새상품,500000,3,판매완료,다대제1동,2026-04-05 08:24:21,https://web.joongna.com/product/227020598
브레짜 분유,226750551,브레짜 분유포트,20000,0,판매중,고덕제2동,2026-04-03 12:49:17,https://web.joongna.com/product/226750551
브레짜 분유,226197300,베이비 브레짜 ( Baby Brezza ) 분유제조기,23000,3,판매완료,은행2동,2026-04-02 20:14:23,https://web.joongna.com/product/226197300
브레짜 분유,223634989,베이비브레짜 분유제조기,90000,3,판매완료,연수1동,2026-03-31 11:42:29,https://web.joongna.com/product/223634989
브레짜 분유,226813054,신형 베이비브레짜 분유제조기,100000,0,판매중,,2026-03-27 19:37:12,https://web.joongna.com/product/226813054
브레짜 분유,225366985,브레짜 분유제조기 올화이트 사용기간 4개월,105000,3,판매완료,하계2동,2026-03-18 19:14:55,https://web.joongna.com/product/225366985
브레짜 분유,225606199,브레짜 분유제조기,150000,0,판매중,상봉제1동,2026-03-10 17:37:26,https://web.joongna.com/product/225606199
브레짜 분유,226030812,베이비브레짜 분유제조기 화이트 (새상품)/공식등록증,200000,3,판매완료,방이1동,2026-03-07 21:29:59,https://web.joongna.com/product/226030812
브레짜 분유,226011734,베이비브레짜 분유제조기 본사 세척서비스 완료 (깔대기2개 분유통2개),70000,0,판매중,,2026-03-07 13:08:53,https://web.joongna.com/product/226011734
브레짜 분유,220129468,화이트 베이비 브레짜 분유제조기 (분해세척 완료) 출산준비,170000,0,판매중,,2026-03-04 10:58:30,https://web.joongna.com/product/220129468
브레짜 분유,224877749,베이비브레짜 포뮬라 프로 어드밴스드 자동 분유제조기,55000,3,판매완료,,2026-03-03 17:03:47,https://web.joongna.com/product/224877749
브레짜 분유,225431096,신형)베이비브레짜 분유제조기 미개봉 새상품,240000,3,판매완료,비전1동,2026-02-19 22:48:34,https://web.joongna.com/product/225431096
브레짜 분유,225429154,베이비브레짜 분유제조기 (업체세척완료),80000,3,판매완료,,2026-02-19 21:55:58,https://web.joongna.com/product/225429154
브레짜 분유,225017769,베이비브레짜 분유제조기 화이트 미개봉 새상품 (깔때기 2개 추가 증정),260000,3,판매완료,답십리제1동,2026-02-07 17:34:01,https://web.joongna.com/product/225017769
브레짜 분유,223974605,베이비 브레짜 분유 제조기,250000,3,판매완료,청담동,2026-02-07 17:06:04,https://web.joongna.com/product/223974605
브레짜 분유,224245632,베이비브레짜 분유제조기,45000,3,판매완료,범안동,2026-02-05 17:04:47,https://web.joongna.com/product/224245632
브레짜 분유,224832046,"베이비브레짜 분유제조기(새상품,깔대기두세트포함)",160000,3,판매완료,용상동,2026-02-02 19:54:44,https://web.joongna.com/product/224832046
브레짜 분유,224700499,베이비브레짜 분유제조기,250000,0,판매중,문정2동,2026-01-30 11:05:22,https://web.joongna.com/product/224700499
브레짜 분유,224385247,베이비브레짜 분유제조기,64000,3,판매완료,구의제2동,2026-01-21 22:33:58,https://web.joongna.com/product/224385247
브레짜 분유,224346101,베이비 브레짜 분유제조기,30000,3,판매완료,구갈동,2026-01-20 22:37:07,https://web.joongna.com/product/224346101
브레짜 분유,222765750,베이비브레짜 분유 제조기 (2달 사용),50000,3,판매완료,서초4동,2026-01-20 14:56:37,https://web.joongna.com/product/222765750
브레짜 분유,224282846,베이비브레짜 분유제조기,210000,0,판매중,은행동,2026-01-19 12:22:20,https://web.joongna.com/product/224282846
브레짜 분유,223996863,베이비 브레짜 포뮬라 프로 어드벤스드 분유포트신형 미개봉,200000,3,판매완료,서원동,2026-01-16 12:53:29,https://web.joongna.com/product/223996863
브레짜 분유,223507131,베이비브레짜 분유제조기,39000,3,판매완료,팔복동,2026-01-10 18:51:26,https://web.joongna.com/product/223507131
브레짜 분유,223941215,미개봉새상품 베이비브레짜 포뮬러 프로 어드밴스드 화이트 분유제조기,123456,3,판매완료,,2026-01-10 11:33:44,https://web.joongna.com/product/223941215
브레짜 분유,223932428,베이비브레짜 분유제조기(미개봉 새상품),230000,3,판매완료,삼산동,2026-01-10 00:28:26,https://web.joongna.com/product/223932428
브레짜 분유,223862980,베이비 브레짜 분유제조기 BRZFRP-1A,20000,3,판매완료,청라2동,2026-01-08 09:09:18,https://web.joongna.com/product/223862980
브레짜 분유,223404536,베이비브레짜 분유제조기,65000,0,판매중,안양1동,2026-01-07 15:18:05,https://web.joongna.com/product/223404536
브레짜 분유,223780796,(새상품)베이비브레짜 분유제조기 새상품 + 추가깔때기 1개,250000,3,판매완료,성산제1동,2026-01-05 23:34:33,https://web.joongna.com/product/223780796
브레짜 분유,223229086,베이비브레짜 분유제조기,95000,3,판매완료,,2026-01-04 17:04:18,https://web.joongna.com/product/223229086
브레짜 분유,223424198,베이비브레짜 자동 분유제조기 1.5L,200000,0,판매중,,2026-01-03 10:38:41,https://web.joongna.com/product/223424198
브레짜 분유,152521845,베이비브레짜 분유제조기,80000,0,판매중,성내1동,2025-12-31 09:42:15,https://web.joongna.com/product/152521845
브레짜 분유,223498447,"베이비브레짜 분유제조기 풀박스+깔대기, 물통",80000,3,판매완료,,2025-12-29 12:46:07,https://web.joongna.com/product/223498447
브레짜 분유,223430315,베이비브레짜 포뮬라 프로 어드밴스드 분유제조기,170000,0,판매중,과천동,2025-12-27 15:27:48,https://web.joongna.com/product/223430315
브레짜 분유,222119721,버들맘마 스마트 분유제조기(브레짜 상위버전),250000,0,판매중,의정부1동,2025-12-26 13:21:01,https://web.joongna.com/product/222119721
브레짜 분유,163884791,브레짜 분유제조기,35000,0,판매중,남사읍,2025-12-24 09:32:39,https://web.joongna.com/product/163884791
브레짜 분유,223181569,베이비브레짜 포뮬라프로 어드밴스드 분유제조기,100000,0,판매중,동춘1동,2025-12-20 16:22:50,https://web.joongna.com/product/223181569
브레짜 분유,222636420,베이비브레짜 분유제조기(새제품),180000,3,판매완료,반포1동,2025-12-19 23:35:22,https://web.joongna.com/product/222636420
브레짜 분유,223160698,[택포3만원] 베이비브레짜 분유제조기,30000,3,판매완료,,2025-12-19 23:05:05,https://web.joongna.com/product/223160698
브레짜 분유,222999817,"베이비브레짜 분유제조기, 젖병세척기",420000,3,판매완료,양덕1동,2025-12-15 19:26:17,https://web.joongna.com/product/222999817
브레짜 분유,222994739,베이비브레짜 분유제조기,30000,3,판매완료,왕십리제2동,2025-12-15 17:19:11,https://web.joongna.com/product/222994739
브레짜 분유,222526017,베이비브레짜 분유제조기 차콜,180000,3,판매완료,송월동,2025-12-15 17:08:28,https://web.joongna.com/product/222526017
브레짜 분유,222699255,베이비브레짜 포뮬러 프로 어드밴스드 분유제조기,200000,3,판매완료,구로제1동,2025-12-11 19:41:12,https://web.joongna.com/product/222699255
브레짜 분유,222715827,베이비 브레짜 분유제조기,32000,3,판매완료,회천4동,2025-12-08 10:22:54,https://web.joongna.com/product/222715827
브레짜 분유,222704370,베이비브레짜 포뮬라 프로 어드밴스드 분유제조기,100000,0,판매중,동춘1동,2025-12-07 21:55:01,https://web.joongna.com/product/222704370
브레짜 분유,222690777,베이비 브레짜 분유제조기,100000,3,판매완료,한남동,2025-12-07 15:52:37,https://web.joongna.com/product/222690777
브레짜 분유,222549450,베이비브레짜 분유제조기+깔대기2개추가 (새상품),190000,0,판매중,일광읍,2025-12-03 16:35:28,https://web.joongna.com/product/222549450
브레짜 분유,221833637,[미개봉] 베이비브레짜 포뮬라 프로 어드밴스드 분유제조기,200000,3,판매완료,삼송1동,2025-12-01 08:00:05,https://web.joongna.com/product/221833637
브레짜 분유,222095417,(미개봉새상품) 브레짜 분유 제조기 + 깔대기2,250000,0,판매중,배곧1동,2025-11-30 16:16:43,https://web.joongna.com/product/222095417
브레짜 분유,222397914,베이비브레짜 분유제조기 (깔대기 3개),30000,3,판매완료,자양제1동,2025-11-29 16:53:03,https://web.joongna.com/product/222397914
브레짜 분유,222293601,베이비브레짜 포뮬라 프로 어드밴스드 분유제조기,200000,0,판매중,,2025-11-26 18:32:45,https://web.joongna.com/product/222293601
브레짜 분유,143353346,베이비브레짜 분유제조기 팝니다!!!,130000,0,판매중,,2025-11-25 21:39:40,https://web.joongna.com/product/143353346
브레짜 분유,222163652,새제품/풀구성)베이비브레짜 분유제조기 + 젖병세척기,500000,3,판매완료,퇴계원읍,2025-11-23 12:47:43,https://web.joongna.com/product/222163652
브레짜 분유,222158607,베이비브레짜 분유제조기 소독기,150000,3,판매완료,덕이동,2025-11-23 10:15:32,https://web.joongna.com/product/222158607
브레짜 분유,222146733,베이비브레짜 포뮬라 프로 어드밴스드 분유제조기,200000,0,판매중,매교동,2025-11-22 21:16:58,https://web.joongna.com/product/222146733
브레짜 분유,222136623,(새상품급) 베이비브레짜 포뮬라 프로 어드밴스드 분유제조기 판매합니다!!,150000,3,판매완료,,2025-11-22 16:27:58,https://web.joongna.com/product/222136623
브레짜 분유,221203338,베이비 브레짜 분유 제조기 (분유통2개 깔때기2개,140000,3,판매완료,미사2동,2025-11-18 11:05:20,https://web.joongna.com/product/221203338
브레짜 분유,221844014,베이비브레짜 분유제조기,230000,0,판매중,장수서창동,2025-11-14 19:08:06,https://web.joongna.com/product/221844014
브레짜 분유,221769270,베이비브레짜 포뮬라 프로 어드밴스드 분유제조기,220000,3,판매완료,노은3동,2025-11-12 19:18:02,https://web.joongna.com/product/221769270
브레짜 분유,221089121,브레짜 분유제조기 팝니다,230000,3,판매완료,연수1동,2025-11-07 21:30:32,https://web.joongna.com/product/221089121
브레짜 분유,221236962,베이비브레짜 분유제조기,100000,3,판매완료,상현1동,2025-11-06 10:45:06,https://web.joongna.com/product/221236962
브레짜 분유,220734799,베이비브레짜 자동분유제조기 BRZFRP-1A,240000,3,판매완료,평동,2025-11-05 17:36:31,https://web.joongna.com/product/220734799
브레짜 분유,221292572,베이비브레짜 분유제조기 신형,200000,3,판매완료,,2025-10-30 19:49:46,https://web.joongna.com/product/221292572
브레짜 분유,220914214,베이비브레짜분유제조기,20000,3,판매완료,,2025-10-24 15:51:35,https://web.joongna.com/product/220914214
브레짜 분유,221060908,베이비브레짜 분유제조기 새상품,200000,3,판매완료,화곡제1동,2025-10-24 13:39:25,https://web.joongna.com/product/221060908
브레짜 분유,216082575,"[풀박스] 베이비브레짜 분유 제조기 + 추가 정품 물통, 깔때기",80000,3,판매완료,불광제1동,2025-10-21 01:09:38,https://web.joongna.com/product/216082575
브레짜 분유,220259835,베이비브레짜 분유제조기 새상품 판매합니다(가격내림),230000,3,판매완료,,2025-10-17 12:35:43,https://web.joongna.com/product/220259835
브레짜 분유,220729890,베이비 브레짜 자동분유제조기,69000,3,판매완료,지동,2025-10-15 14:49:22,https://web.joongna.com/product/220729890
브레짜 분유,220694312,브레짜분유제조기,35000,3,판매완료,,2025-10-14 15:47:55,https://web.joongna.com/product/220694312
브레짜 분유,220682088,베이비브레짜 분유제조기 미개봉,150000,3,판매완료,동문동,2025-10-14 10:05:49,https://web.joongna.com/product/220682088
브레짜 분유,220547623,베이비브레짜 분유메이커,35000,3,판매완료,,2025-10-10 15:40:47,https://web.joongna.com/product/220547623
브레짜 분유,220518399,분유제조기 베이비브레짜,90000,3,판매완료,금곡동,2025-10-09 18:18:05,https://web.joongna.com/product/220518399
브레짜 분유,220493871,브레짜 분유제조기 신형,120000,3,판매완료,,2025-10-08 22:49:28,https://web.joongna.com/product/220493871
브레짜 분유,220157535,베이비브레짜 화이트 분유제조기,100000,3,판매완료,창릉동,2025-09-27 20:15:01,https://web.joongna.com/product/220157535
브레짜 분유,220128080,브레짜 분유제조기,70000,3,판매완료,휘경제1동,2025-09-26 22:25:08,https://web.joongna.com/product/220128080
브레짜 분유,218470063,베이비브레짜 자동분유제조기 개봉 새상품,140000,3,판매완료,여의동,2025-09-20 21:04:57,https://web.joongna.com/product/218470063
브레짜 분유,219810509,브레짜 분유제조기 신형 프로어드밴스(25.09),250000,0,판매중,잠실본동,2025-09-20 00:30:04,https://web.joongna.com/product/219810509
브레짜 분유,219373373,브레짜 분유제조기 포뮬라 프로 어드밴스드 (정품 & 설명서 포함),60000,0,판매중,,2025-09-13 11:51:50,https://web.joongna.com/product/219373373
브레짜 분유,219154113,25년 5월 구매 미사용 브레짜 분유제조기,190000,3,판매완료,,2025-09-09 21:42:27,https://web.joongna.com/product/219154113
브레짜 분유,219068689,베이비브레짜 분유제조기 미개봉 새상품,210000,3,판매완료,,2025-09-08 16:14:21,https://web.joongna.com/product/219068689
브레짜 분유,219040254,브레짜 분유제조기,40000,3,판매완료,,2025-09-08 09:12:36,https://web.joongna.com/product/219040254
브레짜 분유,218920942,새상품 분유제조기 베이비 브레짜 분유제조기 포뮬라 프로 어드밴스드 미개봉,190000,3,판매완료,구의제1동,2025-09-06 09:41:12,https://web.joongna.com/product/218920942
브레짜 분유,218885290,브레짜 분유제조기,50000,0,판매중,,2025-09-05 16:05:46,https://web.joongna.com/product/218885290
브레짜 분유,218711500,베이비브레짜 신형 자동 분유제조기,250000,3,판매완료,,2025-09-02 21:56:32,https://web.joongna.com/product/218711500
브레짜 분유,218500598,베이비브레짜 분유제조기 25년도 구입. 깔때기 3개,99000,3,판매완료,,2025-08-30 16:02:54,https://web.joongna.com/product/218500598
