platform,source_file,product_id,search_keyword,model,title,price,reference_median,robust_lower,robust_upper,reference_count,action,reason,product_url
elecmart,cuckoo_rice_cooker_products.csv,371762188,쿠쿠 밥솥,CRP-KHLR1010FG,쿠쿠 트윈프레셔 저당 IH밥솥 새제품,459000,70000,0,347000,681,유지-검토대상,통계 이상치지만 단일 온전제품 배제 근거 없음,https://m.bunjang.co.kr/products/371762188
elecmart,cuckoo_rice_cooker_products.csv,415446195,쿠쿠 밥솥,제품군 공통,쿠쿠밥솥 미개봉 팔아요,270000,42000,0,254000,74,유지-검토대상,통계 이상치지만 단일 온전제품 배제 근거 없음,https://m.bunjang.co.kr/products/415446195
elecmart,cuckoo_rice_cooker_products.csv,422131887,쿠쿠 밥솥,제품군 공통,쿠쿠 10인용 IH 올스텐내솥 밥솥 화이트새상품,270000,42000,0,254000,74,유지-검토대상,통계 이상치지만 단일 온전제품 배제 근거 없음,https://m.bunjang.co.kr/products/422131887
elecmart,cuckoo_rice_cooker_products.csv,405166380,쿠쿠 밥솥,CRP-PK1010FW,쿠쿠 IH 압력밥솥 화이트 CRP-PK1010FW  사는겁니다. 미개봉,750000,70000,0,347000,681,유지-검토대상,통계 이상치지만 단일 온전제품 배제 근거 없음,https://m.bunjang.co.kr/products/405166380
elecmart,cuckoo_rice_cooker_products.csv,416935180,쿠쿠 밥솥,제품군 공통,쿠쿠 밥솥(10인용) 1번 사용한 거 싸게 팝니다.,320000,42000,0,254000,74,유지-검토대상,통계 이상치지만 단일 온전제품 배제 근거 없음,https://m.bunjang.co.kr/products/416935180
elecmart,cuckoo_rice_cooker_products.csv,418695547,쿠쿠 밥솥,CRP-LHTR0675FG,쿠쿠 밥솥 CRP-LHTR0675FG,4200000,70000,0,347000,681,유지-검토대상,통계 이상치지만 단일 온전제품 배제 근거 없음,https://m.bunjang.co.kr/products/418695547
elecmart,cuckoo_rice_cooker_products.csv,417849914,쿠쿠 밥솥,CRP-LHTR1020FG,쿠쿠 트윈프레셔 10인용 IH압력밥솥 (미개봉)CRP-LHTR1020FG,370000,70000,0,347000,681,유지-검토대상,통계 이상치지만 단일 온전제품 배제 근거 없음,https://m.bunjang.co.kr/products/417849914
elecmart,cuckoo_rice_cooker_products.csv,416580533,쿠쿠 밥솥,IH압력밥솥,쿠쿠 IH압력밥솥 06 FHTS0610FB,370000,69500,0,243000,32,유지-검토대상,통계 이상치지만 단일 온전제품 배제 근거 없음,https://m.bunjang.co.kr/products/416580533
elecmart,cuckoo_rice_cooker_products.csv,296273800,쿠쿠 밥솥,제품군 공통,쿠쿠밥솥,300000,42000,0,254000,74,유지-검토대상,통계 이상치지만 단일 온전제품 배제 근거 없음,https://m.bunjang.co.kr/products/296273800
elecmart,cuckoo_rice_cooker_products.csv,408914475,쿠쿠 밥솥,전기압력밥솥,쿠쿠 전기 압력 밥솥 010FG,265000,50000,0,205000,29,유지-검토대상,통계 이상치지만 단일 온전제품 배제 근거 없음,https://m.bunjang.co.kr/products/408914475
elecmart,cuckoo_rice_cooker_products.csv,402438232,쿠쿠 밥솥,CRP-NHTR0610FW,쿠쿠 마스터셰프 사일런스 6인용 밥솥,370000,70000,0,347000,681,유지-검토대상,통계 이상치지만 단일 온전제품 배제 근거 없음,https://m.bunjang.co.kr/products/402438232
elecmart,cuckoo_rice_cooker_products.csv,398542399,쿠쿠 밥솥,CRPOHFFLR1010FGW,쿠쿠 전기밥솥,450000,70000,0,347000,681,유지-검토대상,통계 이상치지만 단일 온전제품 배제 근거 없음,https://m.bunjang.co.kr/products/398542399
elecmart,cuckoo_rice_cooker_products.csv,396634539,쿠쿠 밥솥,제품군 공통,쿠쿠밥솥,394000,42000,0,254000,74,유지-검토대상,통계 이상치지만 단일 온전제품 배제 근거 없음,https://m.bunjang.co.kr/products/396634539
elecmart,cuckoo_rice_cooker_products.csv,391593930,쿠쿠 밥솥,트윈프레셔,쿠쿠 최신상 사일런스 프로 밥솥,350000,70000,0,347000,681,유지-검토대상,통계 이상치지만 단일 온전제품 배제 근거 없음,https://m.bunjang.co.kr/products/391593930
elecmart,cuckoo_rice_cooker_products.csv,348560504,쿠쿠 밥솥,트윈프레셔,쿠쿠 트윈프레셔 마스터쉐프 IH 압력밥솥.미사용+내솥하다더,525000,70000,0,347000,681,유지-검토대상,통계 이상치지만 단일 온전제품 배제 근거 없음,https://m.bunjang.co.kr/products/348560504
elecmart,cuckoo_rice_cooker_products.csv,369868564,쿠쿠 밥솥,마스터셰프,미개봉 쿠쿠 마스터셰프 사일런스 밥솥,433200,70000,0,347000,681,유지-검토대상,통계 이상치지만 단일 온전제품 배제 근거 없음,https://m.bunjang.co.kr/products/369868564
elecmart,cuckoo_rice_cooker_products.csv,371314096,쿠쿠 밥솥,IH압력밥솥_10인용,쿠쿠 10인용 고급형 ih 압력밥솥,280000,70000,0,273750,28,유지-검토대상,통계 이상치지만 단일 온전제품 배제 근거 없음,https://m.bunjang.co.kr/products/371314096
elecmart,cuckoo_rice_cooker_products.csv,348769134,쿠쿠 밥솥,CRP-FHR107FD,쿠쿠 IH압력밥솥 미개봉 새상품 판매합니다,380000,70000,0,347000,681,유지-검토대상,통계 이상치지만 단일 온전제품 배제 근거 없음,https://m.bunjang.co.kr/products/348769134
elecmart,cuckoo_rice_cooker_products.csv,352320284,쿠쿠 밥솥,마스터셰프_6인용,쿠쿠 압력 밥솥 6인용,415000,70000,0,347000,681,유지-검토대상,통계 이상치지만 단일 온전제품 배제 근거 없음,https://m.bunjang.co.kr/products/352320284
elecmart,cuckoo_rice_cooker_products.csv,360299710,쿠쿠 밥솥,CRP-NHTR0610FW,(새상품) 쿠쿠 마스터 셰프 IH 전기 압력밥솥  6인용,350000,70000,0,347000,681,유지-검토대상,통계 이상치지만 단일 온전제품 배제 근거 없음,https://m.bunjang.co.kr/products/360299710
elecmart,cuckoo_rice_cooker_products.csv,358060798,쿠쿠 밥솥,제품군 공통,쿠쿠 10인용 최고급형 ih밥솥,280000,42000,0,254000,74,유지-검토대상,통계 이상치지만 단일 온전제품 배제 근거 없음,https://m.bunjang.co.kr/products/358060798
elecmart,cuckoo_rice_cooker_products.csv,378259893,쿠쿠 밥솥,CRP-OHTR1010FWM,미개봉)쿠쿠 사일런스 오브제 밥솥 OHTR1010FWM,380000,70000,0,347000,681,유지-검토대상,통계 이상치지만 단일 온전제품 배제 근거 없음,https://m.bunjang.co.kr/products/378259893
elecmart,cuckoo_rice_cooker_products.csv,413195990,쿠쿠 밥솥,IH압력밥솥,쿠쿠 IH 압력밥솥 10인분,300000,69500,0,243000,32,유지-검토대상,통계 이상치지만 단일 온전제품 배제 근거 없음,https://m.bunjang.co.kr/products/413195990
elecmart,dyson_vacuum_products.csv,426086827,다이슨 청소기,제품군 공통,다이슨 물걸레청소기,450000,30000,0,447500,96,유지-검토대상,통계 이상치지만 단일 온전제품 배제 근거 없음,https://m.bunjang.co.kr/products/426086827
elecmart,dyson_vacuum_products.csv,424914773,다이슨 청소기,제품군 공통,다이슨 로봇청소기,900000,30000,0,447500,96,유지-검토대상,통계 이상치지만 단일 온전제품 배제 근거 없음,https://m.bunjang.co.kr/products/424914773
elecmart,dyson_vacuum_products.csv,413778669,다이슨 청소기,V12S,다이슨 청소기 v12s 서브마린 컴플리트 미개봉 새제품,800000,50000,0,633000,577,유지-검토대상,통계 이상치지만 단일 온전제품 배제 근거 없음,https://m.bunjang.co.kr/products/413778669
elecmart,dyson_vacuum_products.csv,329240768,다이슨 청소기,제품군 공통,다이슨 G1물걸레 청소기,490000,30000,0,447500,96,유지-검토대상,통계 이상치지만 단일 온전제품 배제 근거 없음,https://m.bunjang.co.kr/products/329240768
elecmart,dyson_vacuum_products.csv,394376881,다이슨 청소기,제품군 공통,다이슨 g5s 무선청소기 새상품 미개봉,540000,30000,0,447500,96,유지-검토대상,통계 이상치지만 단일 온전제품 배제 근거 없음,https://m.bunjang.co.kr/products/394376881
elecmart,dyson_vacuum_products.csv,302853828,다이슨 청소기,360_VIS_NAV,다이슨 로봇청소기,700000,350000,187000,561500,12,유지-검토대상,통계 이상치지만 단일 온전제품 배제 근거 없음,https://m.bunjang.co.kr/products/302853828
elecmart,dyson_vacuum_products.csv,370551548,다이슨 청소기,V15S,다이슨청소기 미사용 v15s 디텍트 서브마린 컴플리트 골드,900000,50000,0,633000,577,유지-검토대상,통계 이상치지만 단일 온전제품 배제 근거 없음,https://m.bunjang.co.kr/products/370551548
elecmart,dyson_vacuum_products.csv,373524772,다이슨 청소기,WASH_G1,다이슨 Wash G1 물청소기,1000000,320000,0,653585,11,유지-검토대상,통계 이상치지만 단일 온전제품 배제 근거 없음,https://m.bunjang.co.kr/products/373524772
elecmart,dyson_vacuum_products.csv,371282088,다이슨 청소기,제품군 공통,다이슨 청소기(거의 새거),640000,30000,0,447500,96,제외,가격 이상치-복수상품,https://m.bunjang.co.kr/products/371282088
elecmart,dyson_vacuum_products.csv,366204359,다이슨 청소기,V16,다이슨V16  DS60 싸이클론 무선청소기,1100000,50000,0,633000,577,유지-검토대상,통계 이상치지만 단일 온전제품 배제 근거 없음,https://m.bunjang.co.kr/products/366204359
elecmart,medicube_booster_pro_products.csv,413906132,메디큐브 부스터 프로,BOOSTER_PRO_MINI,메디큐브 부스터프로 + 부스터프로미니플러스 일괄,300000,73000,0,173500,191,제외,가격 이상치-복수상품,https://m.bunjang.co.kr/products/413906132
elecmart,medicube_booster_pro_products.csv,403208835,메디큐브 부스터 프로,BOOSTER_PRO,거의새것 메디큐브 에이지알 부스터 프로 헬로키티,650000,180000,0,530000,485,유지-검토대상,통계 이상치지만 단일 온전제품 배제 근거 없음,https://m.bunjang.co.kr/products/403208835
elecmart,medicube_booster_pro_products.csv,403124163,메디큐브 부스터 프로,BOOSTER_PRO,미개봉 새상품 메디큐브 에이지알 부스터 프로 마이멜로디,790000,180000,0,530000,485,유지-검토대상,통계 이상치지만 단일 온전제품 배제 근거 없음,https://m.bunjang.co.kr/products/403124163
elecmart,medicube_booster_pro_products.csv,415958347,메디큐브 부스터 프로,BOOSTER_PRO,메디큐브 에이지알 헬로키티 부스터프로 미개봉 새상품 정품,640000,180000,0,530000,485,유지-검토대상,통계 이상치지만 단일 온전제품 배제 근거 없음,https://m.bunjang.co.kr/products/415958347
elecmart,medicube_booster_pro_products.csv,403210981,메디큐브 부스터 프로,BOOSTER_PRO,거의 새것 메디큐브 에이지알 부스터 프로 쿠로미 에디션,800000,180000,0,530000,485,유지-검토대상,통계 이상치지만 단일 온전제품 배제 근거 없음,https://m.bunjang.co.kr/products/403210981
elecmart,medicube_booster_pro_products.csv,415228017,메디큐브 부스터 프로,BOOSTER_PRO,[미개봉 새상품] 메디큐브 부스터프로 마이멜로디 에디션,580000,180000,0,530000,485,유지-검토대상,통계 이상치지만 단일 온전제품 배제 근거 없음,https://m.bunjang.co.kr/products/415228017
elecmart,medicube_booster_pro_products.csv,403210829,메디큐브 부스터 프로,BOOSTER_PRO,미개봉 새상품 메디큐브 에이지알 부스터 프로 쿠로미 에디션,950000,180000,0,530000,485,유지-검토대상,통계 이상치지만 단일 온전제품 배제 근거 없음,https://m.bunjang.co.kr/products/403210829
elecmart,medicube_booster_pro_products.csv,412054970,메디큐브 부스터 프로,BOOSTER_PRO_MINI,메디큐브 부스터프로미니 (화이트),400000,73000,0,173500,191,유지-검토대상,통계 이상치지만 단일 온전제품 배제 근거 없음,https://m.bunjang.co.kr/products/412054970
elecmart,medicube_booster_pro_products.csv,394793813,메디큐브 부스터 프로,BOOSTER_PRO,메디큐브 하이포커스 샷 플러스 핑크 + 메디큐브 부스터프로 핑크 + 부스,535000,180000,0,530000,485,제외,가격 이상치-복수상품,https://m.bunjang.co.kr/products/394793813
elecmart,medicube_booster_pro_products.csv,376586295,메디큐브 부스터 프로,BOOSTER_PRO,메디큐브 부스터프로 선물세트,930000,180000,0,530000,485,제외,가격 이상치-복수상품,https://m.bunjang.co.kr/products/376586295
elecmart,medicube_booster_pro_products.csv,374643392,메디큐브 부스터 프로,BOOSTER_PRO_MINI,메디큐브 부스터프로 미니/화이트 (미개봉),240000,73000,0,173500,191,유지-검토대상,통계 이상치지만 단일 온전제품 배제 근거 없음,https://m.bunjang.co.kr/products/374643392
elecmart,medicube_booster_pro_products.csv,421177521,메디큐브 부스터 프로,BOOSTER_PRO_MINI,메디큐브 부스터프로 미니플러스 미개봉팝니다!!,570000,73000,0,173500,191,유지-검토대상,통계 이상치지만 단일 온전제품 배제 근거 없음,https://m.bunjang.co.kr/products/421177521
elecmart,medicube_booster_pro_products.csv,415436739,메디큐브 부스터 프로,BOOSTER_PRO_MINI,[미개봉/새상품] 메디큐브 에이지알 부스터 프로 미니 플러스 짱구,200000,73000,0,173500,191,유지-검토대상,통계 이상치지만 단일 온전제품 배제 근거 없음,https://m.bunjang.co.kr/products/415436739
elecmart,pulio_massage_products.csv,233476318,풀리오 마사지기,CALF,풀리오 종아리 마사지기,139000,66000,0,136500,27,유지-검토대상,통계 이상치지만 단일 온전제품 배제 근거 없음,https://m.bunjang.co.kr/products/233476318
elecmart,pulio_massage_products.csv,421790769,풀리오 마사지기,CALF,풀리오 종아리부츠 마사지기,150000,66000,0,136500,27,유지-검토대상,통계 이상치지만 단일 온전제품 배제 근거 없음,https://m.bunjang.co.kr/products/421790769
elecmart,pulio_massage_products.csv,419527651,풀리오 마사지기,제품군 공통,풀리오 마사지기 퍼플 풀 구성 (2가지제품),300000,63000,0,290000,29,유지-검토대상,통계 이상치지만 단일 온전제품 배제 근거 없음,https://m.bunjang.co.kr/products/419527651
elecmart,pulio_massage_products.csv,411939387,풀리오 마사지기,NECK_SHOULDER,급처)풀리오 마사지매트+손마사지기+목 어깨 마사지기,180000,56500,0,133225,52,제외,가격 이상치-복수상품,https://m.bunjang.co.kr/products/411939387
elecmart,pulio_massage_products.csv,381561586,풀리오 마사지기,NLUFHS9BSHS5523GDOVWB,풀리오 경추마사지기,270000,70000,0,229750,304,유지-검토대상,통계 이상치지만 단일 온전제품 배제 근거 없음,https://m.bunjang.co.kr/products/381561586
elecmart,pulio_massage_products.csv,412570241,풀리오 마사지기,CALF,풀리오 다리전체마사지기,140000,66000,0,136500,27,제외,가격 이상치-복수상품,https://m.bunjang.co.kr/products/412570241
joonggonara,cuckoo_rice_cooker_products.csv,230865560,쿠쿠 밥솥,제품군 공통,<새 상품> 쿠쿠 정품 밥솥,275000,59876,0,260854,77,유지-검토대상,통계 이상치지만 단일 온전제품 배제 근거 없음,https://web.joongna.com/product/230865560
joonggonara,cuckoo_rice_cooker_products.csv,230759000,쿠쿠 밥솥,제품군 공통,[1회 사용] 쿠쿠 밥솥 10인용,339000,59876,0,260854,77,유지-검토대상,통계 이상치지만 단일 온전제품 배제 근거 없음,https://web.joongna.com/product/230759000
joonggonara,cuckoo_rice_cooker_products.csv,230136669,쿠쿠 밥솥,제품군 공통,쿠쿠 밥솥(10인용) 1번 사용한 거 싸게 팝니다.,310000,59876,0,260854,77,유지-검토대상,통계 이상치지만 단일 온전제품 배제 근거 없음,https://web.joongna.com/product/230136669
joonggonara,cuckoo_rice_cooker_products.csv,229483144,쿠쿠 밥솥,CRP-NHTR0610FW,쿠쿠 마스터셰프 사일런스 6인용 밥솥 화이트,390000,70000,0,376000,1104,유지-검토대상,통계 이상치지만 단일 온전제품 배제 근거 없음,https://web.joongna.com/product/229483144
joonggonara,cuckoo_rice_cooker_products.csv,229176672,쿠쿠 밥솥,NHTR1010FGW,전기밥솥 쿠쿠 NHTR1010FGW,410000,70000,0,376000,1104,유지-검토대상,통계 이상치지만 단일 온전제품 배제 근거 없음,https://web.joongna.com/product/229176672
joonggonara,cuckoo_rice_cooker_products.csv,228717388,쿠쿠 밥솥,CRP-OHTR0610FWM,쿠쿠 전기밥솥 crp-ohtr0610fwm,400000,70000,0,376000,1104,유지-검토대상,통계 이상치지만 단일 온전제품 배제 근거 없음,https://web.joongna.com/product/228717388
joonggonara,cuckoo_rice_cooker_products.csv,228578427,쿠쿠 밥솥,CRP-PHFFLR0610FGW,<새제품>쿠쿠 트윈프레셔 마스터셰프 사일런스 프로 저당밥솥,480000,70000,0,376000,1104,유지-검토대상,통계 이상치지만 단일 온전제품 배제 근거 없음,https://web.joongna.com/product/228578427
joonggonara,cuckoo_rice_cooker_products.csv,228490511,쿠쿠 밥솥,전기압력밥솥,쿠쿠 전기압력밥솥 10인분 UT1010FGW,275000,40500,0,273750,36,유지-검토대상,통계 이상치지만 단일 온전제품 배제 근거 없음,https://web.joongna.com/product/228490511
joonggonara,cuckoo_rice_cooker_products.csv,226927563,쿠쿠 밥솥,LHTR0620FGW,쿠쿠 트윈프레셔 IH 밥솥 LHTR0620FGW,400000,70000,0,376000,1104,유지-검토대상,통계 이상치지만 단일 온전제품 배제 근거 없음,https://web.joongna.com/product/226927563
joonggonara,cuckoo_rice_cooker_products.csv,227322854,쿠쿠 밥솥,마스터셰프_10인용,쿠쿠 10인용 마스터셰프 사일런스 밥솥 화이트,400000,70000,0,376000,1104,유지-검토대상,통계 이상치지만 단일 온전제품 배제 근거 없음,https://web.joongna.com/product/227322854
joonggonara,cuckoo_rice_cooker_products.csv,226574886,쿠쿠 밥솥,CRP-PHFFLR0610FGW,쿠쿠 CRP-PHFFLR0610FGW 사일런스 프로 밥솥,500000,70000,0,376000,1104,유지-검토대상,통계 이상치지만 단일 온전제품 배제 근거 없음,https://web.joongna.com/product/226574886
joonggonara,cuckoo_rice_cooker_products.csv,226642640,쿠쿠 밥솥,CRP-OHFFLR1010FGW,쿠쿠 사일런스 오브제 저당밥솥 10인용 새상품 판매합니다. (CRP-OHFFLR1010FGW),420000,70000,0,376000,1104,유지-검토대상,통계 이상치지만 단일 온전제품 배제 근거 없음,https://web.joongna.com/product/226642640
joonggonara,cuckoo_rice_cooker_products.csv,220248349,쿠쿠 밥솥,CRP-NHTR0620,쿠쿠압력밥솥,430000,70000,0,376000,1104,유지-검토대상,통계 이상치지만 단일 온전제품 배제 근거 없음,https://web.joongna.com/product/220248349
joonggonara,cuckoo_rice_cooker_products.csv,225342047,쿠쿠 밥솥,CRP-LHTR1020FGW,쿠쿠 10인용 압력밥솥 미개봉 새상품 CRP-LHTR1020FGW,450000,70000,0,376000,1104,유지-검토대상,통계 이상치지만 단일 온전제품 배제 근거 없음,https://web.joongna.com/product/225342047
joonggonara,cuckoo_rice_cooker_products.csv,225761011,쿠쿠 밥솥,CRP-OHNLLR0610FGW,쿠쿠 사일런스오브제 저당밥솥 6인용 새상품,380000,70000,0,376000,1104,유지-검토대상,통계 이상치지만 단일 온전제품 배제 근거 없음,https://web.joongna.com/product/225761011
joonggonara,cuckoo_rice_cooker_products.csv,225371185,쿠쿠 밥솥,CRP-NHTR1020FGH,미개봉 새상품 밥솥 쿠쿠 마스터셰프 10인용 CRP-NHTR1020FGH 10인용,430000,70000,0,376000,1104,유지-검토대상,통계 이상치지만 단일 온전제품 배제 근거 없음,https://web.joongna.com/product/225371185
joonggonara,cuckoo_rice_cooker_products.csv,223255375,쿠쿠 밥솥,전기보온밥솥_6인용,쿠쿠 6인용 전기밥솥,280000,49000,0,225000,39,유지-검토대상,통계 이상치지만 단일 온전제품 배제 근거 없음,https://web.joongna.com/product/223255375
joonggonara,cuckoo_rice_cooker_products.csv,223779617,쿠쿠 밥솥,CRP-LHTAR1010FGI,쿠쿠 10인용 압력밥솥,400000,70000,0,376000,1104,유지-검토대상,통계 이상치지만 단일 온전제품 배제 근거 없음,https://web.joongna.com/product/223779617
joonggonara,cuckoo_rice_cooker_products.csv,223729730,쿠쿠 밥솥,전기보온밥솥_6인용,쿠쿠 6인용 IH 전기밥솥,300000,49000,0,225000,39,유지-검토대상,통계 이상치지만 단일 온전제품 배제 근거 없음,https://web.joongna.com/product/223729730
joonggonara,cuckoo_rice_cooker_products.csv,222438730,쿠쿠 밥솥,전기압력밥솥_10인용,쿠쿠 10인용 저당압력밥솥,300000,70000,0,297650,95,유지-검토대상,통계 이상치지만 단일 온전제품 배제 근거 없음,https://web.joongna.com/product/222438730
joonggonara,cuckoo_rice_cooker_products.csv,220549854,쿠쿠 밥솥,CRP-NHTR1010FP,쿠쿠밥솥 CRP-NHTR1010FP,450000,70000,0,376000,1104,유지-검토대상,통계 이상치지만 단일 온전제품 배제 근거 없음,https://web.joongna.com/product/220549854
joonggonara,cuckoo_rice_cooker_products.csv,217101902,쿠쿠 밥솥,CRP-NHTR1010FP,CRP-NHTR1010FP (쿠쿠밥솥),450000,70000,0,376000,1104,유지-검토대상,통계 이상치지만 단일 온전제품 배제 근거 없음,https://web.joongna.com/product/217101902
joonggonara,cuckoo_rice_cooker_products.csv,218857565,쿠쿠 밥솥,CRP-CHB1020,쿠쿠 IH압력밥솥 CRP-CHB1020 FHW 새상품,450000,70000,0,376000,1104,유지-검토대상,통계 이상치지만 단일 온전제품 배제 근거 없음,https://web.joongna.com/product/218857565
joonggonara,cuckoo_rice_cooker_products.csv,219747210,쿠쿠 밥솥,CRP-LHTR1010FD,쿠쿠 IH밥솥 마스터셰프 트윈프레셔 CRP-LHTR1010FD 10인용 판매 합니다,99999,175000,140000,210000,8,유지-검토대상,통계 이상치지만 단일 온전제품 배제 근거 없음,https://web.joongna.com/product/219747210
joonggonara,cuckoo_rice_cooker_products.csv,218817910,쿠쿠 밥솥,CRP-NHTR1010FP,쿠쿠밥솥 (CRP-NHTR1010FP),450000,70000,0,376000,1104,유지-검토대상,통계 이상치지만 단일 온전제품 배제 근거 없음,https://web.joongna.com/product/218817910
joonggonara,cuckoo_rice_cooker_products.csv,218399266,쿠쿠 밥솥,CRP-OHTR0610FGW,쿠쿠전자 마스터쉐프 silence objet 전기밥솥 (CRP-OHTR0610FGW) 팝니다,450000,70000,0,376000,1104,유지-검토대상,통계 이상치지만 단일 온전제품 배제 근거 없음,https://web.joongna.com/product/218399266
joonggonara,dyson_vacuum_products.csv,231901495,다이슨 청소기,V16,다이슨 청소기 V16 가장 최신형 판매합니다,1100000,50000,0,620000,1122,유지-검토대상,통계 이상치지만 단일 온전제품 배제 근거 없음,https://web.joongna.com/product/231901495
joonggonara,dyson_vacuum_products.csv,231835371,다이슨 청소기,V16,미개봉] 다이슨 v16 피스톤 애니멀 서브마린 무선청소기 판매합니다,1000000,50000,0,620000,1122,유지-검토대상,통계 이상치지만 단일 온전제품 배제 근거 없음,https://web.joongna.com/product/231835371
joonggonara,dyson_vacuum_products.csv,230289805,다이슨 청소기,V6,다이슨 V6 무선청소기 (세척완료.새배터리),96000,25000,0,95000,146,유지-검토대상,통계 이상치지만 단일 온전제품 배제 근거 없음,https://web.joongna.com/product/230289805
joonggonara,dyson_vacuum_products.csv,231198421,다이슨 청소기,V6,[새제품]다이슨 V6 애니멀 무선 청소기,165000,25000,0,95000,146,유지-검토대상,통계 이상치지만 단일 온전제품 배제 근거 없음,https://web.joongna.com/product/231198421
joonggonara,dyson_vacuum_products.csv,230957663,다이슨 청소기,V6,다이슨V6 + V7 플러피 무선청소기,155000,25000,0,95000,146,제외,가격 이상치-복수상품,https://web.joongna.com/product/230957663
joonggonara,dyson_vacuum_products.csv,225617334,다이슨 청소기,제품군 공통,다이슨 청소기 Gen5 디텍트 새상품,790000,50000,0,710000,158,유지-검토대상,통계 이상치지만 단일 온전제품 배제 근거 없음,https://web.joongna.com/product/225617334
joonggonara,dyson_vacuum_products.csv,230404897,다이슨 청소기,V15S,다이슨 프리미엄 디텍트 서브마린 물걸레+진공 무선청소기 V15S / 엘로니켈프리미엄 디텍트 서브마린 물걸레+진공 무,830000,50000,0,620000,1122,제외,가격 이상치-복수상품,https://web.joongna.com/product/230404897
joonggonara,dyson_vacuum_products.csv,229764332,다이슨 청소기,제품군 공통,다이슨 로봇청소기 판매 합니다,750000,50000,0,710000,158,유지-검토대상,통계 이상치지만 단일 온전제품 배제 근거 없음,https://web.joongna.com/product/229764332
joonggonara,dyson_vacuum_products.csv,229357562,다이슨 청소기,V15S,"[다이슨 청소기] 다이슨 V15s 디텍트 서브마린 컴플리트(미개봉,새상품)",900000,50000,0,620000,1122,유지-검토대상,통계 이상치지만 단일 온전제품 배제 근거 없음,https://web.joongna.com/product/229357562
joonggonara,dyson_vacuum_products.csv,229357562,다이슨 청소기,V15S,"[다이슨 청소기] 다이슨 V15s 디텍트 서브마린 컴플리트(미개봉,새상품)",900000,50000,0,620000,1122,유지-검토대상,통계 이상치지만 단일 온전제품 배제 근거 없음,https://web.joongna.com/product/229357562
joonggonara,dyson_vacuum_products.csv,227199656,다이슨 청소기,V6,다이슨 v6 풀세트 미사용 무선청소기,120000,25000,0,95000,146,제외,가격 이상치-복수상품,https://web.joongna.com/product/227199656
joonggonara,dyson_vacuum_products.csv,226852716,다이슨 청소기,V16,다이슨 피스톤 V16 DS60 애니멀 무선 청소기,750000,50000,0,620000,1122,유지-검토대상,통계 이상치지만 단일 온전제품 배제 근거 없음,https://web.joongna.com/product/226852716
joonggonara,dyson_vacuum_products.csv,226216953,다이슨 청소기,V16,다이슨 v16 피스톤 애니멀 무선청소기,950000,50000,0,620000,1122,유지-검토대상,통계 이상치지만 단일 온전제품 배제 근거 없음,https://web.joongna.com/product/226216953
joonggonara,dyson_vacuum_products.csv,225916119,다이슨 청소기,제품군 공통,다이슨 피스톤 애니멀 DS60 무선청소기 미개봉,850000,50000,0,710000,158,유지-검토대상,통계 이상치지만 단일 온전제품 배제 근거 없음,https://web.joongna.com/product/225916119
joonggonara,dyson_vacuum_products.csv,217963265,다이슨 청소기,제품군 공통,다이슨 청소기 Gen5 멀티충전거치대포함 새상품,790000,50000,0,710000,158,유지-검토대상,통계 이상치지만 단일 온전제품 배제 근거 없음,https://web.joongna.com/product/217963265
joonggonara,dyson_vacuum_products.csv,222635838,다이슨 청소기,V15S,다이슨 프리미엄 디텍트 서브마린 물걸레+진공 무선청소기 V15S / 옐로니켈,700000,50000,0,620000,1122,제외,가격 이상치-복수상품,https://web.joongna.com/product/222635838
joonggonara,dyson_vacuum_products.csv,224510685,다이슨 청소기,V15S,다이슨 프리미엄 디텍트 서브마린 물걸레+진공 무선청소기 V15S / 엘로니켈,760000,50000,0,620000,1122,제외,가격 이상치-복수상품,https://web.joongna.com/product/224510685
joonggonara,dyson_vacuum_products.csv,223244339,다이슨 청소기,V6,(정품) (DYSON) 다이슨 V6 무선 청소기,180000,25000,0,95000,146,유지-검토대상,통계 이상치지만 단일 온전제품 배제 근거 없음,https://web.joongna.com/product/223244339
joonggonara,dyson_vacuum_products.csv,222635838,다이슨 청소기,V15S,다이슨 프리미엄 디텍트 서브마린 물걸레+진공 무선청소기 V15S / 옐로니켈,700000,50000,0,620000,1122,제외,가격 이상치-복수상품,https://web.joongna.com/product/222635838
joonggonara,dyson_vacuum_products.csv,222290415,다이슨 청소기,V7,다이슨 V7 무선청소기,890000,30000,0,170000,120,유지-검토대상,통계 이상치지만 단일 온전제품 배제 근거 없음,https://web.joongna.com/product/222290415
joonggonara,dyson_vacuum_products.csv,221995139,다이슨 청소기,V6,다이슨 V6 무선청소기,300000,25000,0,95000,146,유지-검토대상,통계 이상치지만 단일 온전제품 배제 근거 없음,https://web.joongna.com/product/221995139
joonggonara,dyson_vacuum_products.csv,221995095,다이슨 청소기,V6,다이슨 V6 무선청소기,300000,25000,0,95000,146,유지-검토대상,통계 이상치지만 단일 온전제품 배제 근거 없음,https://web.joongna.com/product/221995095
joonggonara,dyson_vacuum_products.csv,219950465,다이슨 청소기,GEN5DETECT,다이슨청소기 젠5,700000,50000,0,620000,1122,유지-검토대상,통계 이상치지만 단일 온전제품 배제 근거 없음,https://web.joongna.com/product/219950465
joonggonara,dyson_vacuum_products.csv,221715682,다이슨 청소기,V6,(정품) (DYSON) 다이슨 무선 청소기 V6,100000,25000,0,95000,146,유지-검토대상,통계 이상치지만 단일 온전제품 배제 근거 없음,https://web.joongna.com/product/221715682
joonggonara,dyson_vacuum_products.csv,207146174,다이슨 청소기,GEN5DETECT,다이슨청소기 젠5,700000,50000,0,620000,1122,유지-검토대상,통계 이상치지만 단일 온전제품 배제 근거 없음,https://web.joongna.com/product/207146174
joonggonara,dyson_vacuum_products.csv,221606910,다이슨 청소기,V15S,다이슨 V15s 디텍트 서브마린 무선청소기 미개봉 새상품,750000,50000,0,620000,1122,유지-검토대상,통계 이상치지만 단일 온전제품 배제 근거 없음,https://web.joongna.com/product/221606910
joonggonara,dyson_vacuum_products.csv,221260979,다이슨 청소기,V6,다이슨 V6 무선청소기,100000,25000,0,95000,146,유지-검토대상,통계 이상치지만 단일 온전제품 배제 근거 없음,https://web.joongna.com/product/221260979
joonggonara,dyson_vacuum_products.csv,219418165,다이슨 청소기,V12S,미개봉 새상품 / 448804-01 dyson 다이슨 V12s 디텍트 슬림 서브마린 컴플리트 무선청소기 새제품 팔아요.,930000,50000,0,620000,1122,유지-검토대상,통계 이상치지만 단일 온전제품 배제 근거 없음,https://web.joongna.com/product/219418165
joonggonara,dyson_vacuum_products.csv,213091013,다이슨 청소기,제품군 공통,다이슨 로봇청소기,770000,50000,0,710000,158,유지-검토대상,통계 이상치지만 단일 온전제품 배제 근거 없음,https://web.joongna.com/product/213091013
joonggonara,dyson_vacuum_products.csv,219889966,다이슨 청소기,SV23,다이슨 최상급 청소기 Gen5 디텍트 컴플리드 (블루/코퍼) SV23 판매합니다.,690000,50000,0,620000,1122,제외,가격 이상치-복수상품,https://web.joongna.com/product/219889966
joonggonara,dyson_vacuum_products.csv,219798305,다이슨 청소기,V6,다이슨 V6 플러피 무선 청소기,110000,25000,0,95000,146,유지-검토대상,통계 이상치지만 단일 온전제품 배제 근거 없음,https://web.joongna.com/product/219798305
joonggonara,dyson_vacuum_products.csv,217994345,다이슨 청소기,V6,다이슨 V6 무선 청소기,100000,25000,0,95000,146,유지-검토대상,통계 이상치지만 단일 온전제품 배제 근거 없음,https://web.joongna.com/product/217994345
joonggonara,dyson_vacuum_products.csv,218421415,다이슨 청소기,360_VIS_NAV,다이슨 로봇청소기 360 비즈 나브,900000,415000,0,867000,14,유지-검토대상,통계 이상치지만 단일 온전제품 배제 근거 없음,https://web.joongna.com/product/218421415
joonggonara,medicube_booster_pro_products.csv,227772467,메디큐브 부스터 프로,BOOSTER_PRO,미개봉 새상품 메디큐브 에이지알 부스터 프로 마이멜로디,790000,180000,0,410000,472,유지-검토대상,통계 이상치지만 단일 온전제품 배제 근거 없음,https://web.joongna.com/product/227772467
joonggonara,medicube_booster_pro_products.csv,227233707,메디큐브 부스터 프로,BOOSTER_PRO,거의새것 메디큐브 에이지알 부스터 프로 헬로키티,650000,180000,0,410000,472,유지-검토대상,통계 이상치지만 단일 온전제품 배제 근거 없음,https://web.joongna.com/product/227233707
joonggonara,medicube_booster_pro_products.csv,227348062,메디큐브 부스터 프로,BOOSTER_PRO,거의 새것 메디큐브 에이지알 부스터 프로 쿠로미 에디션,800000,180000,0,410000,472,유지-검토대상,통계 이상치지만 단일 온전제품 배제 근거 없음,https://web.joongna.com/product/227348062
joonggonara,medicube_booster_pro_products.csv,227347810,메디큐브 부스터 프로,BOOSTER_PRO,미개봉 새상품 메디큐브 에이지알 부스터 프로 쿠로미 에디션,950000,180000,0,410000,472,유지-검토대상,통계 이상치지만 단일 온전제품 배제 근거 없음,https://web.joongna.com/product/227347810
joonggonara,medicube_booster_pro_products.csv,227818551,메디큐브 부스터 프로,BOOSTER_PRO,메디큐브 에이지알 부스터 프로 헬로키티 에디션,500000,180000,0,410000,472,유지-검토대상,통계 이상치지만 단일 온전제품 배제 근거 없음,https://web.joongna.com/product/227818551
joonggonara,medicube_booster_pro_products.csv,224464704,메디큐브 부스터 프로,BOOSTER_PRO_MINI,[새상품] 메디큐브 부스터프로 미니 플러스 마이멜로디 에디션 2개,180000,79000,0,176250,102,유지-검토대상,통계 이상치지만 단일 온전제품 배제 근거 없음,https://web.joongna.com/product/224464704
joonggonara,minix_food_processor_products.csv,230390254,미닉스 음식물처리기,THE_PLENDER,미닉스 음식물 처리기,792000,270000,0,636944,52,유지-검토대상,통계 이상치지만 단일 온전제품 배제 근거 없음,https://web.joongna.com/product/230390254
joonggonara,minix_food_processor_products.csv,227536262,미닉스 음식물처리기,THE_PLENDER_MAX,미닉스 더플렌더 max 3L 음식물처리기,850000,330000,100000,572500,42,제외,가격 이상치-복수상품,https://web.joongna.com/product/227536262
joonggonara,pulio_massage_products.csv,229526461,풀리오 마사지기,NECK_SHOULDER_V2,풀리오 목어깨 마사지기 넥플러,160000,65000,0,131717,51,유지-검토대상,통계 이상치지만 단일 온전제품 배제 근거 없음,https://web.joongna.com/product/229526461
joonggonara,pulio_massage_products.csv,229245012,풀리오 마사지기,NECK_SHOULDER,급처)풀리오 마사지매트+손 마사지기+목 어깨 마사지기,180000,59500,0,131000,42,제외,가격 이상치-복수상품,https://web.joongna.com/product/229245012
joonggonara,pulio_massage_products.csv,228468128,풀리오 마사지기,CALF_V2,풀리오 목어깨 마사지기 V2 + 종아리 마사지기 V3,150000,69000,8000,120000,25,제외,가격 이상치-복수상품,https://web.joongna.com/product/228468128
joonggonara,pulio_massage_products.csv,225320911,풀리오 마사지기,BACK_PULLER,풀리오 허벅지 마사지기.백풀러 허리 마사지기 팝니다. [판매완료],180000,65000,0,165076,15,제외,가격 이상치-복수상품,https://web.joongna.com/product/225320911
joonggonara,pulio_massage_products.csv,221160549,풀리오 마사지기,CALF_V2,풀리오 종아리/목어깨 마사지기 V2 미개봉 새상품,195000,69000,8000,120000,25,유지-검토대상,통계 이상치지만 단일 온전제품 배제 근거 없음,https://web.joongna.com/product/221160549
joonggonara,pulio_massage_products.csv,218719639,풀리오 마사지기,NP001,풀리오 백플러 NP001 마사지기,270000,75000,0,260000,423,유지-검토대상,통계 이상치지만 단일 온전제품 배제 근거 없음,https://web.joongna.com/product/218719639
