search_keyword,product_id,title,price,status_code,status,condition,location,free_shipping,num_faved,num_comment,update_time,update_timestamp,tag,category_id,product_url
풀리오 마사지기,425482217,풀리오 종아리 마사지기 V2,80000,0,판매중,중고,경상남도 창원시 진해구 웅천동,True,1,0,2026-08-27 14:10:00,1787807400,폴리오 Pulio 폴리오종아리마사지 종아리마사지기 다리마사지기,610500006,https://m.bunjang.co.kr/products/425482217
풀리오 마사지기,426152412,풀리오 허벅지마사지기,130000,0,판매중,중고,부산광역시 북구 덕천제1동,True,0,0,2026-08-27 13:57:00,1787806620,,610500006,https://m.bunjang.co.kr/products/426152412
풀리오 마사지기,425393187,풀리오 V2 목어깨마사지기 풀박스,40000,0,판매중,중고,,False,0,0,2026-08-27 11:53:30,1787799210,,610500006,https://m.bunjang.co.kr/products/425393187
풀리오 마사지기,422767655,오아 슈퍼건 마사지건,22000,0,판매중,중고,경기도 남양주시 다산1동,False,1,0,2026-08-27 10:49:34,1787795374,마사지건 마사지기 전동마사지건 전동마사지 풀리오,610500006,https://m.bunjang.co.kr/products/422767655
풀리오 마사지기,425567718,풀리오 스킨핏 손목 EMS 밴드,50000,0,판매중,새상품,,False,0,0,2026-08-27 09:53:06,1787791986,손목 마사지기 폴리오손마사지,610500006,https://m.bunjang.co.kr/products/425567718
풀리오 마사지기,424208938,풀리오 pulio 휴대용 무선 공기압 다리 종아리 마사지기 (부품용),10900,0,판매중,중고,,False,0,0,2026-08-27 08:15:58,1787786158,,610500006,https://m.bunjang.co.kr/products/424208938
풀리오 마사지기,425831012,풀리오 (pulio) 마사지기 판매합니다,140000,0,판매중,중고,,False,0,0,2026-08-26 19:48:12,1787741292,풀리오 풀리오어깨 풀리오다리 마사지기 마사지,610500006,https://m.bunjang.co.kr/products/425831012
풀리오 마사지기,351752723,풀리오 목어깨 마사지기 N001,90000,0,판매중,새상품,서울특별시 양천구 목4동,True,1,0,2026-08-26 19:12:02,1787739122,풀리오목어깨 마사지기 목어깨,610500006,https://m.bunjang.co.kr/products/351752723
풀리오 마사지기,399720983,Pulio 풀리오 목어깨 마사지기 V2 퍼플,95000,0,판매중,중고,광주광역시 서구 화정3동,True,2,0,2026-08-26 07:52:22,1787698342,,610500006,https://m.bunjang.co.kr/products/399720983
풀리오 마사지기,425578575,풀리오 종아리 마사지기 퍼플 득템 고고,45000,0,판매중,중고,경기도 성남시 분당구 야탑1동,False,3,0,2026-08-25 22:06:28,1787663188,,610500006,https://m.bunjang.co.kr/products/425578575
풀리오 마사지기,418339960,풀리오 백풀러 V3 허리 마사지기,70000,0,판매중,중고,,False,5,0,2026-08-25 21:16:15,1787660175,,610500006,https://m.bunjang.co.kr/products/418339960
풀리오 마사지기,425570933,풀리오 허벅지마사지기,155000,0,판매중,중고,,False,1,0,2026-08-25 21:10:40,1787659840,풀리오 허벅지마사지 풀리오마사지기 pulio,610500006,https://m.bunjang.co.kr/products/425570933
풀리오 마사지기,423634850,풀리오 목어깨마사지기v3,99000,0,판매중,중고,경상북도 구미시 송정동,False,1,0,2026-08-25 16:04:48,1787641488,풀리오 풀리오목어깨,610500006,https://m.bunjang.co.kr/products/423634850
풀리오 마사지기,422181114,[새상품]풀리오 목 어깨 마사지기 N003 무선 탭탭 온열마시지기,68000,0,판매중,새상품,,True,5,0,2026-08-25 14:49:15,1787636955,풀리오목어깨 목어깨마사지기 마사지기,610500006,https://m.bunjang.co.kr/products/422181114
풀리오 마사지기,424635894,풀리오 목 어깨 마사지기 V2,65000,0,판매중,중고,,False,0,0,2026-08-25 01:50:01,1787590201,,610500006,https://m.bunjang.co.kr/products/424635894
풀리오 마사지기,381418970,풀리오 머리 마사지기,40000,0,판매중,중고,,False,5,0,2026-08-24 16:55:03,1787558103,,610500006,https://m.bunjang.co.kr/products/381418970
풀리오 마사지기,421961038,풀리오 목어깨 마사지기 풀박스,42000,0,판매중,중고,경기도 파주시 운정6동,False,5,0,2026-08-24 10:49:10,1787536150,,610500006,https://m.bunjang.co.kr/products/421961038
풀리오 마사지기,408551324,풀리오 목어깨 마사지기 V2 새상품,90000,0,판매중,새상품,,False,1,0,2026-08-23 14:28:37,1787462917,,610500006,https://m.bunjang.co.kr/products/408551324
풀리오 마사지기,407005290,풀리오 허벅지 마사지기 L사이즈,45000,0,판매중,중고,,False,10,0,2026-08-23 13:48:15,1787460495,풀리오 풀리오 허벅지 마 마사지,610500006,https://m.bunjang.co.kr/products/407005290
풀리오 마사지기,420430511,풀리오 손 손목 마사지기,63000,0,판매중,새상품,,False,9,0,2026-08-23 08:40:01,1787442001,풀리오 손 손목 폴리오 마사지기 손마사지기,610500006,https://m.bunjang.co.kr/products/420430511
풀리오 마사지기,347647663,풀리오 목어깨마사지기 V2,90000,0,판매중,중고,,False,4,0,2026-08-23 06:09:38,1787432978,,610500006,https://m.bunjang.co.kr/products/347647663
풀리오 마사지기,424758582,풀리오 풀리오 풀리션 오픈토 부츠  종아리 발마사지기,126000,0,판매중,중고,서울특별시 송파구 송파1동,False,1,0,2026-08-22 16:41:40,1787384500,폴리오마사지 폴리오종아리,610500006,https://m.bunjang.co.kr/products/424758582
풀리오 마사지기,412794511,미개봉)풀리오 넥풀러 목 어깨 마사지기,355000,0,판매중,새상품,,False,0,0,2026-08-22 10:34:29,1787362469,,610500006,https://m.bunjang.co.kr/products/412794511
풀리오 마사지기,425125720,풀리오 V1 목어깨 마사지기 퍼플,32000,0,판매중,중고,,False,0,0,2026-08-22 02:56:22,1787334982,,610500006,https://m.bunjang.co.kr/products/425125720
풀리오 마사지기,418683268,풀리오 목어깨 마사지기 미개봉 새상품,75000,0,판매중,새상품,,False,6,0,2026-08-22 01:01:45,1787328105,,610500006,https://m.bunjang.co.kr/products/418683268
풀리오 마사지기,425076684,풀리오 다리 마사지기,72000,0,판매중,중고,,False,0,0,2026-08-21 18:39:13,1787305153,,610500006,https://m.bunjang.co.kr/products/425076684
풀리오 마사지기,352531560,Pulio 에어괄사 마사지기 풀세트,95000,0,판매중,중고,,False,0,0,2026-08-21 04:54:37,1787255677,,610500006,https://m.bunjang.co.kr/products/352531560
풀리오 마사지기,424972161,풀리오 마사지기 판매,60000,0,판매중,중고,서울특별시 은평구 응암제1동,False,2,0,2026-08-20 20:29:50,1787225390,,610500006,https://m.bunjang.co.kr/products/424972161
풀리오 마사지기,337944442,풀리오 목 마사지기,65000,0,판매중,중고,,False,0,0,2026-08-20 02:01:49,1787158909,풀리오 풀리오목마사지 풀리오어깨마사지 마사지기,610500006,https://m.bunjang.co.kr/products/337944442
풀리오 마사지기,424731256,풀리오 종아리 마사지기,60000,0,판매중,중고,인천광역시 서해구 가정1동,False,8,0,2026-08-18 20:24:35,1787052275,풀리오 풀리오종아리 종아리마사지기,610500006,https://m.bunjang.co.kr/products/424731256
풀리오 마사지기,422211260,휴대용 목 어깨 마사지기 화이트 퍼플 풀리오 v2,61560,0,판매중,중고,,False,0,0,2026-08-18 19:52:44,1787050364,,610500006,https://m.bunjang.co.kr/products/422211260
풀리오 마사지기,424723584,풀리오 마사지기 블랙 v3버전 판매,120000,0,판매중,중고,세종특별자치시  나성동,True,0,0,2026-08-18 19:28:48,1787048928,,610500006,https://m.bunjang.co.kr/products/424723584
풀리오 마사지기,411876470,풀리오 목 어깨 마사지기,75000,0,판매중,새상품,,False,6,0,2026-08-18 16:42:51,1787038971,,610500006,https://m.bunjang.co.kr/products/411876470
풀리오 마사지기,424630432,풀리오 두피마사지기 +충전선+설명서,53000,0,판매중,중고,대구광역시 동구 효목1동,False,1,0,2026-08-17 22:29:57,1786973397,,610500006,https://m.bunjang.co.kr/products/424630432
풀리오 마사지기,423852649,풀리오 종아리 마사지기 V3 P005 풀박스 5회 미만 사용,120000,0,판매중,중고,,True,1,0,2026-08-17 16:49:17,1786952957,풀리오 풀리오종아리 풀리오v3 마사지기 마사지,610500006,https://m.bunjang.co.kr/products/423852649
풀리오 마사지기,424575175,풀리오 목어깨 마사지기 V1 퍼플 판매합니다.,29000,0,판매중,중고,,False,1,0,2026-08-17 15:58:35,1786949915,,610500006,https://m.bunjang.co.kr/products/424575175
풀리오 마사지기,424557937,풀리오 종아리 마사지기 판매합니다.,73000,0,판매중,중고,,True,1,0,2026-08-17 13:42:02,1786941722,,610500006,https://m.bunjang.co.kr/products/424557937
풀리오 마사지기,421262604,풀리오 종아리 마사지기 블랙 한정판,72000,0,판매중,중고,,False,5,0,2026-08-17 09:36:56,1786927016,풀리오종아리,610500006,https://m.bunjang.co.kr/products/421262604
풀리오 마사지기,424132009,풀리오 허리 마사지기 백풀러,83000,0,판매중,중고,서울특별시 노원구 상계1동,False,2,0,2026-08-16 10:29:18,1786843758,,610500006,https://m.bunjang.co.kr/products/424132009
풀리오 마사지기,424328578,풀리오 다리 마사지기,75000,0,판매중,중고,,False,1,0,2026-08-15 12:57:13,1786766233,,610500006,https://m.bunjang.co.kr/products/424328578
풀리오 마사지기,358150203,[가격내림]풀리오 목어깨 마사지기 풀박스,45000,0,판매중,중고,,False,13,0,2026-08-15 09:01:16,1786752076,풀리오 풀리오목어깨 마사지기 목어깨마사지기 풀리오v1,610500006,https://m.bunjang.co.kr/products/358150203
풀리오 마사지기,424228344,거의새것) 풀리오 V2 목 어깨 마사지기 퍼플,79000,0,판매중,새상품,,False,0,0,2026-08-14 14:14:33,1786684473,,610500006,https://m.bunjang.co.kr/products/424228344
풀리오 마사지기,423471281,풀리오(Pulio) 목 어깨 마사지기,30000,0,판매중,중고,경기도 고양시 일산동구 장항2동,True,6,0,2026-08-14 14:04:30,1786683870,마사지기 어깨마사지 목마사지 플리오마사지 플리오,610500006,https://m.bunjang.co.kr/products/423471281
풀리오 마사지기,424227243,거의새것) 풀리오 V2 목 어깨 마사지기 퍼플,79000,0,판매중,중고,,False,0,0,2026-08-14 14:04:04,1786683844,,610500006,https://m.bunjang.co.kr/products/424227243
풀리오 마사지기,310369659,풀리오 종아리 마사지기,65000,0,판매중,중고,,False,15,0,2026-08-12 23:10:06,1786543806,,610500006,https://m.bunjang.co.kr/products/310369659
풀리오 마사지기,423004644,풀리오 목 마사지기 퍼플 + 박스 포함,50000,0,판매중,중고,,True,6,0,2026-08-11 18:25:48,1786440348,,610500006,https://m.bunjang.co.kr/products/423004644
풀리오 마사지기,423725078,풀리오 종아리 마사지기,48000,1,예약중,중고,,False,0,0,2026-08-10 11:23:47,1786328627,,610500006,https://m.bunjang.co.kr/products/423725078
풀리오 마사지기,423713808,풀리오 백풀러 허리 마사지기 HL001 상태좋음 / 보호씰,79577,0,판매중,중고,,True,0,0,2026-08-10 07:56:05,1786316165,풀리오 백풀러 허리 마사지기 혼합색상,610500006,https://m.bunjang.co.kr/products/423713808
풀리오 마사지기,423676405,풀리오 허리마사지기,50000,1,예약중,중고,,False,0,0,2026-08-09 21:04:15,1786277055,,610500006,https://m.bunjang.co.kr/products/423676405
풀리오 마사지기,233476318,풀리오 종아리 마사지기,139000,0,판매중,새상품,,True,16,0,2026-08-06 21:50:51,1786020651,플리오 풀리오 pulio,610700003,https://m.bunjang.co.kr/products/233476318
풀리오 마사지기,423036790,풀리오 목어깨마사지기,50000,1,예약중,중고,부산광역시 중구 대청동,False,0,0,2026-08-05 11:15:57,1785896157,,610500006,https://m.bunjang.co.kr/products/423036790
풀리오 마사지기,422498349,풀리오 목 어깨 마사지기 N002,68000,0,판매중,새상품,경상남도 거제시 아주동,False,1,0,2026-08-04 13:39:48,1785818388,,610500006,https://m.bunjang.co.kr/products/422498349
풀리오 마사지기,361087530,풀리오 목 어깨 마사지기  V2,45000,0,판매중,중고,,True,1,0,2026-08-03 16:45:41,1785743141,풀리오 마사지 마사지기 어깨,610500006,https://m.bunjang.co.kr/products/361087530
풀리오 마사지기,422123125,풀리오 목어깨 라이트 마사지기,90000,0,판매중,중고,,False,0,0,2026-08-03 02:44:33,1785692673,,610500006,https://m.bunjang.co.kr/products/422123125
풀리오 마사지기,422679058,풀리오 넥풀러 목 어깨 마사지기,290000,0,판매중,중고,경기도 수원시 영통구 매탄1동,False,0,0,2026-08-02 16:14:34,1785654874,,610500006,https://m.bunjang.co.kr/products/422679058
풀리오 마사지기,422713387,풀리오 종아리 마사지기 V2,65000,0,판매중,중고,,False,1,0,2026-08-02 08:26:28,1785626788,풀리오 마사지기 종아리마사지,610500006,https://m.bunjang.co.kr/products/422713387
풀리오 마사지기,422692219,풀리오 신작 풀리오 허벅지 종아리 마사지기 앤모드 프로 교환,150000,0,판매중,중고,,False,7,0,2026-08-01 23:25:07,1785594307,,610500006,https://m.bunjang.co.kr/products/422692219
풀리오 마사지기,422669527,풀리오 백풀러 마사지기,60000,0,판매중,중고,,False,0,0,2026-08-01 20:16:16,1785582976,,610500006,https://m.bunjang.co.kr/products/422669527
풀리오 마사지기,422669321,풀리오 괄사 마사지기,60000,0,판매중,중고,,False,0,0,2026-08-01 20:14:35,1785582875,,610500006,https://m.bunjang.co.kr/products/422669321
풀리오 마사지기,422044425,풀리오 V2 목 어깨 마사지기,65000,0,판매중,중고,,False,1,0,2026-07-27 14:28:07,1785130087,,610500006,https://m.bunjang.co.kr/products/422044425
풀리오 마사지기,421790769,풀리오 종아리부츠 마사지기,150000,0,판매중,중고,,True,2,0,2026-07-25 07:26:21,1784931981,풀리오종아리 풀리오마사지부츠 다리마사지기 풀리오 풀리오부츠,610500006,https://m.bunjang.co.kr/products/421790769
풀리오 마사지기,421777346,풀리오 종아리 마사지기 V2 블랙 PLO-CB227 / 1개 단일상품,58000,0,판매중,중고,,False,8,0,2026-07-25 00:21:01,1784906461,,610500006,https://m.bunjang.co.kr/products/421777346
풀리오 마사지기,421682001,풀리오 목어깨 마사지기,55000,0,판매중,중고,경상남도 창원시 의창구 봉림동,True,1,0,2026-07-24 10:49:12,1784857752,,610500006,https://m.bunjang.co.kr/products/421682001
풀리오 마사지기,421559780,풀리오 목 마사지기,65000,1,예약중,새상품,제주특별자치도 서귀포시 안덕면,False,0,0,2026-07-23 14:31:36,1784784696,,610500006,https://m.bunjang.co.kr/products/421559780
풀리오 마사지기,420503743,풀리오 풀리지 에어 마사지기,165000,0,판매중,중고,충청북도 충주시 문화동,False,5,0,2026-07-22 10:33:25,1784684005,풀리오 마시지 풀리오허벅지 풀리오종아리,610500006,https://m.bunjang.co.kr/products/420503743
풀리오 마사지기,370525078,풀리오 다리 허벅지 마사지기,190000,0,판매중,중고,,False,10,0,2026-07-19 05:48:41,1784407721,,610500006,https://m.bunjang.co.kr/products/370525078
풀리오 마사지기,401074788,풀리오 넥풀러 목 어깨 마사지기,310000,0,판매중,중고,경기도 화성시 동탄6동,False,0,0,2026-07-18 10:10:06,1784337006,,610500006,https://m.bunjang.co.kr/products/401074788
풀리오 마사지기,385021498,풀리오 목어깨 마사지기,45000,0,판매중,중고,부산광역시 수영구 광안제3동,False,3,0,2026-07-16 16:24:17,1784186657,풀리오 목어깨마사지기,610500006,https://m.bunjang.co.kr/products/385021498
풀리오 마사지기,420148205,[미개봉 새상품] 풀리오 백풀러 허리 마사지기,80000,0,판매중,새상품,,True,6,0,2026-07-16 14:28:13,1784179693,허리 풀리오 마사지기 ems 새상품,610500006,https://m.bunjang.co.kr/products/420148205
풀리오 마사지기,419896821,풀리오 목 어깨 마사지기 V2,65000,0,판매중,중고,경기도 성남시 중원구 상대원1동,False,2,0,2026-07-14 21:30:16,1784032216,풀리오어깨 풀리오 풀리오v2,610500006,https://m.bunjang.co.kr/products/419896821
풀리오 마사지기,419527651,풀리오 마사지기 퍼플 풀 구성 (2가지제품),300000,0,판매중,중고,,False,0,0,2026-07-14 07:39:34,1783982374,,610500006,https://m.bunjang.co.kr/products/419527651
풀리오 마사지기,313603062,풀리오 종아리 마사지기 V3,119000,0,판매중,중고,,False,9,0,2026-07-13 18:40:18,1783935618,,610500006,https://m.bunjang.co.kr/products/313603062
풀리오 마사지기,419598504,풀리오 종아리 마사지기 V3,100000,1,예약중,중고,,False,2,0,2026-07-13 10:01:24,1783904484,,610500006,https://m.bunjang.co.kr/products/419598504
풀리오 마사지기,419407102,풀리오 목 어깨 마사지기 V2,65000,0,판매중,중고,,True,2,0,2026-07-12 11:28:42,1783823322,,610500006,https://m.bunjang.co.kr/products/419407102
풀리오 마사지기,418882638,[풀리오] 목 어깨 마사지기 V2,39900,1,예약중,중고,,False,1,0,2026-07-10 22:30:30,1783690230,풀리오 풀리오목어깨 풀리오어깨 풀리오종아리 풀리오v3,610500006,https://m.bunjang.co.kr/products/418882638
풀리오 마사지기,419035846,풀리오 머리마사지기,70000,0,판매중,중고,,False,0,0,2026-07-10 13:08:24,1783656504,,610500006,https://m.bunjang.co.kr/products/419035846
풀리오 마사지기,418999078,풀리오 풀리지 허벅지 마사지기 퍼플,160000,0,판매중,중고,인천광역시 서구 불로대곡동,False,7,0,2026-07-10 08:00:59,1783638059,,610500006,https://m.bunjang.co.kr/products/418999078
풀리오 마사지기,415636601,풀리오 넥풀러 목어깨 마사지기,250000,0,판매중,중고,,False,1,0,2026-07-07 09:50:12,1783385412,,610500006,https://m.bunjang.co.kr/products/415636601
풀리오 마사지기,418331005,풀리오 목 마사지기 v2,50000,0,판매중,중고,,False,0,0,2026-07-06 19:00:44,1783332044,,610500006,https://m.bunjang.co.kr/products/418331005
풀리오 마사지기,417856285,풀리오 에어 괄사 마사지기,45000,1,예약중,중고,서울특별시 중랑구 면목본동,True,0,0,2026-07-04 12:37:17,1783136237,풀리오에어괄사 머리마사지기 두피마사지 관자놀이,610500006,https://m.bunjang.co.kr/products/417856285
풀리오 마사지기,417855006,풀리오 목어깨 마사지기,40000,0,판매중,중고,,False,1,0,2026-07-04 12:29:20,1783135760,,610500006,https://m.bunjang.co.kr/products/417855006
풀리오 마사지기,400303954,풀리오 어깨안마기 V2,45000,0,판매중,중고,,True,1,0,2026-07-03 17:08:12,1783066092,풀리오 승모근 마사지 안마기 마사지기,610500006,https://m.bunjang.co.kr/products/400303954
풀리오 마사지기,413286027,[새상품] 풀리오랑 동일한 모델 무선 목어깨 마사지기,25000,0,판매중,새상품,경기도 남양주시 다산1동,False,7,0,2026-07-03 09:35:54,1783038954,마사지기 마사지 풀리오,610500006,https://m.bunjang.co.kr/products/413286027
풀리오 마사지기,407302051,풀리오 목어깨 베개 마사지기,65000,0,판매중,중고,,False,11,0,2026-07-02 00:26:21,1782919581,,610500006,https://m.bunjang.co.kr/products/407302051
풀리오 마사지기,353639775,Pulio 에어괄사 마사지기 풀세트,96000,0,판매중,중고,,False,0,0,2026-07-01 16:02:34,1782889354,,610500006,https://m.bunjang.co.kr/products/353639775
풀리오 마사지기,417218204,풀리오 넥풀러 목어깨 마사지기,190000,1,예약중,중고,,False,2,0,2026-07-01 11:16:09,1782872169,,610500006,https://m.bunjang.co.kr/products/417218204
풀리오 마사지기,408392785,풀리오V3 목 어깨 마사지기,100000,0,판매중,중고,,True,9,0,2026-06-29 21:26:31,1782735991,,610500006,https://m.bunjang.co.kr/products/408392785
풀리오 마사지기,346814826,풀리오 목어깨 마사지기,50000,0,판매중,중고,,False,5,0,2026-06-29 10:43:39,1782697419,,610500006,https://m.bunjang.co.kr/products/346814826
풀리오 마사지기,416617467,풀리오 본사 N001 풀리오 목어깨 마사지기,100000,0,판매중,새상품,경상북도 경산시 서부1동,False,1,0,2026-06-28 08:46:35,1782603995,,610500006,https://m.bunjang.co.kr/products/416617467
풀리오 마사지기,416538137,(실사용 5회 미만)풀리오 V2 마사지기 퍼플 박스포함,60000,0,판매중,중고,서울특별시 양천구 목2동,False,1,0,2026-06-27 20:16:58,1782559018,,610500006,https://m.bunjang.co.kr/products/416538137
풀리오 마사지기,367027385,풀리오 목 어깨 마사지기 V1,60000,0,판매중,중고,,False,0,0,2026-06-25 13:48:43,1782362923,,610500006,https://m.bunjang.co.kr/products/367027385
풀리오 마사지기,414066187,풀리오 목어깨 마사지기,40000,1,예약중,중고,서울특별시 은평구 역촌동,True,2,0,2026-06-24 07:21:02,1782253262,풀리오 마사지,610500006,https://m.bunjang.co.kr/products/414066187
풀리오 마사지기,409099340,퓰리오 목어깨 마사지기 v2,45000,0,판매중,중고,,True,4,0,2026-06-22 19:34:43,1782124483,풀리오 목어깨마사지기 풀리오마사지기,610500006,https://m.bunjang.co.kr/products/409099340
풀리오 마사지기,368788522,풀리오 목어깨 마사지기 풀세트,70000,0,판매중,중고,부산광역시 북구 화명제1동,False,1,0,2026-06-17 00:02:53,1781622173,폴리오 어깨마사지기,610500006,https://m.bunjang.co.kr/products/368788522
풀리오 마사지기,414418071,풀리오 탭탭 목 어깨 마사지기,58000,0,판매중,중고,,False,0,0,2026-06-16 10:49:09,1781574549,,610500006,https://m.bunjang.co.kr/products/414418071
풀리오 마사지기,414362582,풀리오 V2 종아리 공기압 마사지기 퍼플,100000,0,판매중,새상품,서울특별시 강남구 개포2동,False,3,0,2026-06-15 21:34:59,1781526899,,610500006,https://m.bunjang.co.kr/products/414362582
풀리오 마사지기,413333839,풀리오 백풀러 허리 마사지기,50000,1,예약중,새상품,,False,1,0,2026-06-09 18:29:02,1780997342,,610500006,https://m.bunjang.co.kr/products/413333839
풀리오 마사지기,413129470,풀리오 목 어깨 마사지기,65000,0,판매중,중고,,False,0,0,2026-06-08 13:49:58,1780894198,,610500006,https://m.bunjang.co.kr/products/413129470
풀리오 마사지기,374705611,풀리오 목 어깨 마사지기 V2,60000,0,판매중,중고,서울특별시 중랑구 면목제4동,False,3,0,2026-06-08 12:29:04,1780889344,,610500006,https://m.bunjang.co.kr/products/374705611
풀리오 마사지기,356392166,풀리오 종아리 마사지기 V2,80000,0,판매중,중고,,False,8,0,2026-06-06 19:40:47,1780742447,풀리오 풀리오종아리 풀리오손마사지,610500006,https://m.bunjang.co.kr/products/356392166
풀리오 마사지기,412580901,풀리오v2 마사지기,38000,0,판매중,중고,,False,1,0,2026-06-05 23:00:29,1780668029,,610500006,https://m.bunjang.co.kr/products/412580901
풀리오 마사지기,412377656,풀리오 목 어깨 마사지기 N002 V2,40000,0,판매중,중고,,False,5,0,2026-06-04 20:57:09,1780574229,,610500006,https://m.bunjang.co.kr/products/412377656
풀리오 마사지기,356518873,풀리오 에어 괄사 마사지기,75000,0,판매중,중고,,False,0,0,2026-06-04 19:24:33,1780568673,,610500006,https://m.bunjang.co.kr/products/356518873
풀리오 마사지기,412292616,풀리오 목 어깨 마사지기,60000,0,판매중,중고,,False,0,0,2026-06-04 13:06:28,1780545988,,610500006,https://m.bunjang.co.kr/products/412292616
풀리오 마사지기,411939387,급처)풀리오 마사지매트+손마사지기+목 어깨 마사지기,180000,1,예약중,중고,경기도 수원시 영통구 영통2동,True,0,0,2026-06-04 11:42:35,1780540955,풀리오 풀리오마사지기,610500006,https://m.bunjang.co.kr/products/411939387
풀리오 마사지기,412017101,풀리오 목 어깨 마사지기,60000,0,판매중,중고,,False,3,0,2026-06-03 10:38:54,1780450734,,610500006,https://m.bunjang.co.kr/products/412017101
풀리오 마사지기,411548293,[미개봉새상품] 풀리오 종아리마사지기 V2,80000,1,예약중,새상품,,False,12,0,2026-06-01 08:48:21,1780271301,풀리오종아리 종아리마사지기 풀리오,610500006,https://m.bunjang.co.kr/products/411548293
풀리오 마사지기,411074681,풀리오 풀리션 마사지 부츠,106000,1,예약중,중고,,False,0,0,2026-05-30 02:25:42,1780075542,풀리오 마사지기,610500006,https://m.bunjang.co.kr/products/411074681
풀리오 마사지기,409743723,풀리오 종아리 마사지기 V3(거래 완료),60000,0,판매중,중고,,False,3,0,2026-05-23 13:13:26,1779509606,,610500006,https://m.bunjang.co.kr/products/409743723
풀리오 마사지기,409272134,풀리오 목 어깨 마사지기 V2 판매합니다.,55000,0,판매중,중고,,False,2,0,2026-05-23 11:21:52,1779502912,,610500006,https://m.bunjang.co.kr/products/409272134
풀리오 마사지기,409611161,풀리오 무선 종아리 마사지기 V3,95000,1,예약중,새상품,,False,4,0,2026-05-22 19:02:50,1779444170,,610500006,https://m.bunjang.co.kr/products/409611161
풀리오 마사지기,408349618,풀리오 마사지기,60000,1,예약중,중고,충청북도 진천군 덕산읍,False,3,0,2026-05-16 12:43:40,1778903020,,610700003,https://m.bunjang.co.kr/products/408349618
풀리오 마사지기,408069906,풀리오 풀리 허벅지 종아리 마사지기,190000,0,판매중,중고,,False,2,0,2026-05-14 21:50:28,1778763028,,610500006,https://m.bunjang.co.kr/products/408069906
풀리오 마사지기,407816633,풀리오 목어깨 마사지기,63000,1,예약중,중고,,False,0,0,2026-05-13 17:00:44,1778659244,풀리오 마사지기 어깨마사지 목마사지,610500006,https://m.bunjang.co.kr/products/407816633
풀리오 마사지기,407066017,풀리오 목 어깨 마사지기,29000,0,판매중,중고,서울특별시 강서구 화곡제1동,True,5,0,2026-05-09 23:31:56,1778337116,,610500006,https://m.bunjang.co.kr/products/407066017
풀리오 마사지기,407055743,풀리오 종아리 마사지기,49000,0,판매중,중고,서울특별시 강서구 화곡제1동,True,23,0,2026-05-09 22:39:42,1778333982,,610500006,https://m.bunjang.co.kr/products/407055743
풀리오 마사지기,406649856,풀리오 목 어깨. 마사지기,200000,0,판매중,중고,,True,1,0,2026-05-07 23:55:40,1778165740,,610500006,https://m.bunjang.co.kr/products/406649856
풀리오 마사지기,399928607,풀리오 목어깨 마사지기 무선형 풀박스,44000,0,판매중,중고,,False,6,0,2026-05-07 15:46:43,1778136403,,610500006,https://m.bunjang.co.kr/products/399928607
풀리오 마사지기,406421056,풀리오 에어 괄사 마사지기,60000,0,판매중,중고,부산광역시 강서구 대저2동,False,2,0,2026-05-06 21:39:07,1778071147,,610500006,https://m.bunjang.co.kr/products/406421056
풀리오 마사지기,398082671,풀리오 목어깨 마사지기 V2,75000,1,예약중,새상품,,False,3,0,2026-05-05 10:34:55,1777944895,,610500006,https://m.bunjang.co.kr/products/398082671
풀리오 마사지기,405833544,풀리오 목어깨 마사지기 V2 (새상품),100000,0,판매중,새상품,인천광역시 연수구 송도3동,True,0,0,2026-05-04 11:54:56,1777863296,마사지기,610500006,https://m.bunjang.co.kr/products/405833544
풀리오 마사지기,397295656,풀리오 탭탭 목 어깨 마사지기 25.11월 제조,60000,0,판매중,새상품,,False,3,0,2026-05-01 17:33:15,1777624395,,610500006,https://m.bunjang.co.kr/products/397295656
풀리오 마사지기,404840453,풀리오 목어깨 마사지기 V2,80000,0,판매중,중고,,True,0,0,2026-04-29 23:25:32,1777472732,풀리오 마사지기 목마사지,610500006,https://m.bunjang.co.kr/products/404840453
풀리오 마사지기,403995196,풀리오 어깨마사지기,70000,0,판매중,중고,,False,0,0,2026-04-26 00:47:34,1777132054,풀리오 풀리오어깨 어깨마사지기 풀리오어깨마사지,610500006,https://m.bunjang.co.kr/products/403995196
풀리오 마사지기,398748986,Pulio 넥풀러 경추 마사지기 풀세트,190000,0,판매중,중고,부산광역시 동래구 사직제2동,True,0,0,2026-04-20 14:01:18,1776661278,풀리오 마사지기 목마사지기 경추,610500006,https://m.bunjang.co.kr/products/398748986
풀리오 마사지기,394171095,(박스 안뜯은 새제품)카카오 단독 구성 풀리오 어깨 마사지기,110000,0,판매중,새상품,,False,0,0,2026-04-20 01:10:58,1776615058,,610500006,https://m.bunjang.co.kr/products/394171095
풀리오 마사지기,402735710,풀리오 손 마사지기 V2,108000,0,판매중,중고,경상남도 창원시 마산회원구 회원1동,False,17,0,2026-04-19 20:30:50,1776598250,,610500006,https://m.bunjang.co.kr/products/402735710
풀리오 마사지기,402453330,풀리오 어깨 등 목 마사지기 v2,65000,0,판매중,중고,서울특별시 은평구 불광제1동,True,2,0,2026-04-18 19:31:16,1776508276,운동 마사지 근육 다이어트 스트레칭,610500006,https://m.bunjang.co.kr/products/402453330
풀리오 마사지기,396810102,풀리오 백풀러 허리 마사지기,80000,0,판매중,새상품,,True,4,0,2026-04-16 23:30:52,1776349852,,610500006,https://m.bunjang.co.kr/products/396810102
풀리오 마사지기,400421108,풀리오 탭탭 목 어깨 마사지기 N003-CO,65000,0,판매중,중고,,False,1,0,2026-04-09 14:33:55,1775712835,,610500006,https://m.bunjang.co.kr/products/400421108
풀리오 마사지기,356674740,풀리오 부츠 마사지기,150000,0,판매중,중고,경상남도 진주시 신안동,False,3,0,2026-04-04 20:01:45,1775300505,,610500006,https://m.bunjang.co.kr/products/356674740
풀리오 마사지기,382429639,풀리오 목어깨 마사지기,50000,0,판매중,중고,,False,0,0,2026-03-31 11:10:10,1774923010,,610500006,https://m.bunjang.co.kr/products/382429639
풀리오 마사지기,398334917,Pulio V2 목 어깨 마사지기 퍼플/화이트,60000,0,판매중,중고,,False,1,0,2026-03-30 18:37:49,1774863469,,610500006,https://m.bunjang.co.kr/products/398334917
풀리오 마사지기,397703873,풀리오 에어 괄사 마사지기,70000,0,판매중,중고,경기도 성남시 수정구 고등동,False,0,0,2026-03-30 16:01:07,1774854067,풀리오 마사지기 괄사,610500006,https://m.bunjang.co.kr/products/397703873
풀리오 마사지기,397832294,풀리오 목어깨 마사지기 V2 보라색 판매,60000,0,판매중,중고,경기도 남양주시 다산1동,False,3,0,2026-03-28 10:37:03,1774661823,,610500006,https://m.bunjang.co.kr/products/397832294
풀리오 마사지기,395687390,풀리오 목어깨마사지기,79000,0,판매중,중고,,True,0,0,2026-03-17 15:40:56,1773729656,,610500006,https://m.bunjang.co.kr/products/395687390
풀리오 마사지기,395482002,목쿠션 안마기 마사지기 라미 피부케어 생활가전 안마볼 안마,30000,0,판매중,새상품,,False,0,0,2026-03-16 14:37:06,1773639426,안마기 목쿠션 마사지기 풀리오손마사지 풀리오,610500006,https://m.bunjang.co.kr/products/395482002
풀리오 마사지기,349944066,풀리오 넥풀러 목 어깨 마사지기 판매합니다,319140,0,판매중,중고,,False,0,0,2026-03-16 12:56:53,1773633413,풀리오 넥풀러 안마기기,610500006,https://m.bunjang.co.kr/products/349944066
풀리오 마사지기,395094961,풀리오 목어깨 마사지기 퍼플 색상,55000,1,예약중,중고,경상남도 창원시 마산합포구 월영동,False,0,0,2026-03-15 07:07:22,1773526042,,610500006,https://m.bunjang.co.kr/products/395094961
풀리오 마사지기,394477459,풀리오 풀리지 허벅지 마사지기,150000,0,판매중,중고,서울특별시 구로구 오류제1동,False,17,0,2026-03-11 04:46:03,1773171963,,610500006,https://m.bunjang.co.kr/products/394477459
풀리오 마사지기,393871100,풀리오 V3 종아리 마사지기,90000,1,예약중,중고,대구광역시 동구 신천1.2동,False,2,0,2026-03-08 11:10:56,1772935856,,610500006,https://m.bunjang.co.kr/products/393871100
풀리오 마사지기,393245757,풀리오 허리마사지기,70000,0,판매중,중고,,False,1,0,2026-03-05 12:34:07,1772681647,,610500006,https://m.bunjang.co.kr/products/393245757
풀리오 마사지기,390480031,풀리오 목어깨마사지기 v1 싸게팔아요,35000,0,판매중,중고,서울특별시 관악구 신림동,False,0,0,2026-03-01 23:21:48,1772374908,,610500006,https://m.bunjang.co.kr/products/390480031
풀리오 마사지기,391325172,풀리오 마사지기 v3 판매,85000,1,예약중,중고,,False,0,0,2026-02-24 16:14:53,1771917293,풀리오종아리v3 마사지기 풀리오 종아리마사지기,610500006,https://m.bunjang.co.kr/products/391325172
풀리오 마사지기,377571042,풀리오 목어깨마사지기,52500,0,판매중,중고,,False,1,0,2026-02-21 00:53:53,1771602833,,610500006,https://m.bunjang.co.kr/products/377571042
풀리오 마사지기,296378428,풀리오 종아리 마사지기 V2,90000,0,판매중,중고,인천광역시 연수구 연수1동,False,5,0,2026-02-20 16:28:47,1771572527,풀리오종아리,610500006,https://m.bunjang.co.kr/products/296378428
풀리오 마사지기,287248871,풀리오 목 어깨 마사지기 +파우치 쇼핑백,93500,0,판매중,새상품,,True,2,0,2026-02-18 00:03:44,1771340624,선물세트 추석선물 명절선물 추석선물세트,610500006,https://m.bunjang.co.kr/products/287248871
풀리오 마사지기,386442597,풀리오 V2 어깨 마사지기 퍼플,63000,0,판매중,새상품,경기도 가평군 청평면,True,0,0,2026-02-13 12:20:15,1770952815,,610500006,https://m.bunjang.co.kr/products/386442597
풀리오 마사지기,388772021,풀리오 손 마사지기,80000,0,판매중,새상품,부산광역시 강서구 명지1동,True,5,0,2026-02-12 18:23:34,1770888214,,610500006,https://m.bunjang.co.kr/products/388772021
풀리오 마사지기,386830688,풀리오 목 어깨 마사지기 V2 퍼플 새상품,70000,0,판매중,새상품,경상북도 구미시 인동동,False,0,0,2026-02-03 17:17:03,1770106623,,610500006,https://m.bunjang.co.kr/products/386830688
풀리오 마사지기,386491137,풀리오 넥풀러 목 어깨 마사지기,350000,0,판매중,중고,경기도 안양시 동안구 범계동,True,1,0,2026-02-02 12:56:59,1770004619,,610500006,https://m.bunjang.co.kr/products/386491137
풀리오 마사지기,386313955,스파알 포터블 목어깨 마사지기,45000,1,예약중,중고,,False,0,0,2026-02-01 18:07:04,1769936824,스파알마사지 풀리오목어깨 풀리오 풀리오목어깨v3 마사지건,610500006,https://m.bunjang.co.kr/products/386313955
풀리오 마사지기,385782767,풀리오 목 어깨 마사지기 V3,90000,1,예약중,중고,,False,1,0,2026-01-30 14:05:52,1769749552,,610500006,https://m.bunjang.co.kr/products/385782767
풀리오 마사지기,381561586,풀리오 경추마사지기,270000,0,판매중,중고,서울특별시 서대문구 충현동,True,2,0,2026-01-30 04:50:02,1769716202,,610500006,https://m.bunjang.co.kr/products/381561586
풀리오 마사지기,385608970,풀리오 등허리 쿠션 마사지기,98000,0,판매중,중고,,False,2,0,2026-01-29 16:51:19,1769673079,풀리오 마사지기 등허리,610500006,https://m.bunjang.co.kr/products/385608970
풀리오 마사지기,378306388,풀리오 넥풀러 목 어깨 마사지기,250000,0,판매중,중고,,False,3,0,2026-01-28 09:02:24,1769558544,,610500006,https://m.bunjang.co.kr/products/378306388
풀리오 마사지기,385025637,풀리오 종아리 마사지기 블랙,75000,0,판매중,중고,,True,11,0,2026-01-26 21:42:40,1769431360,,610500006,https://m.bunjang.co.kr/products/385025637
풀리오 마사지기,384884714,풀리오 어깨 마사지기,50000,0,판매중,중고,,True,2,0,2026-01-26 09:14:54,1769386494,,610500006,https://m.bunjang.co.kr/products/384884714
풀리오 마사지기,359198072,풀리오 목 어깨 마사지기 v1,65500,0,판매중,중고,,False,0,0,2026-01-24 17:20:44,1769242844,,610500006,https://m.bunjang.co.kr/products/359198072
풀리오 마사지기,377773953,풀리오 목어깨 마사지기 V2(박스풀구성),55000,1,예약중,중고,인천광역시 미추홀구 주안2동,False,2,0,2026-01-13 22:42:46,1768311766,,610500006,https://m.bunjang.co.kr/products/377773953
풀리오 마사지기,381935716,제스파 뷰티슬리밍 공기압 마사지기,38000,0,판매중,중고,서울특별시 관악구 낙성대동,False,0,0,2026-01-12 19:37:51,1768214271,다리마사지 공기압마사지 제스파 종아리마사지기 풀리오,610500006,https://m.bunjang.co.kr/products/381935716
풀리오 마사지기,368643375,풀리오 목어깨마사지기 판매합니다,60000,0,판매중,중고,,False,3,0,2026-01-11 12:09:13,1768100953,,610500006,https://m.bunjang.co.kr/products/368643375
풀리오 마사지기,350727290,풀리오 목 마사지기,90000,0,판매중,중고,서울특별시 종로구 종로5.6가동,False,1,0,2026-01-11 02:24:10,1768065850,,610500006,https://m.bunjang.co.kr/products/350727290
풀리오 마사지기,379029642,풀리오 등허리마사지기,70000,1,예약중,중고,,False,0,0,2026-01-05 21:06:19,1767614779,,610500006,https://m.bunjang.co.kr/products/379029642
풀리오 마사지기,380133768,풀리오 에어 괄사 마사지기,100000,0,판매중,중고,,True,2,0,2026-01-04 13:35:15,1767501315,,610500006,https://m.bunjang.co.kr/products/380133768
풀리오 마사지기,364622685,풀리오 목어깨 마사지기,68000,0,판매중,중고,충청북도 충주시 달천동,True,0,0,2025-12-30 21:51:54,1767099114,,610500006,https://m.bunjang.co.kr/products/364622685
풀리오 마사지기,373580575,풀리오 마사지기 블랙 2개 + 케이블,75000,0,판매중,중고,,False,4,0,2025-12-30 10:14:29,1767057269,풀리오 풀리오v2 풀리오종아리,610500006,https://m.bunjang.co.kr/products/373580575
풀리오 마사지기,378747085,풀리오 목 어깨 베게 마사지기,78000,0,판매중,중고,서울특별시 은평구 진관동,False,6,0,2025-12-28 14:42:54,1766900574,,610500006,https://m.bunjang.co.kr/products/378747085
풀리오 마사지기,378077006,풀리오 허벅지 마사지기,150000,0,판매중,중고,대구광역시 수성구 고산3동,False,19,0,2025-12-24 21:07:28,1766578048,,610500006,https://m.bunjang.co.kr/products/378077006
풀리오 마사지기,351195488,풀리오 넥풀러 목어깨마사지기,250000,1,예약중,중고,서울특별시 노원구 상계5동,False,1,0,2025-12-24 08:45:05,1766533505,풀리오 넥풀러 목어깨마사지 풀리오목어깨,610500006,https://m.bunjang.co.kr/products/351195488
풀리오 마사지기,377657658,Pulio 풀리오 목&어깨 마사지기,60000,0,판매중,중고,,False,1,0,2025-12-22 16:18:28,1766387908,,610500006,https://m.bunjang.co.kr/products/377657658
풀리오 마사지기,377434104,풀리오 어깨 마사지기,60000,0,판매중,중고,,True,1,0,2025-12-21 15:08:05,1766297285,,610500006,https://m.bunjang.co.kr/products/377434104
풀리오 마사지기,376868451,풀리오 등 어깨 마사지기,43000,0,판매중,중고,,False,1,0,2025-12-18 18:21:47,1766049707,,610500006,https://m.bunjang.co.kr/products/376868451
풀리오 마사지기,376814405,풀리오 목 어깨 마사지기,60000,0,판매중,중고,서울특별시 구로구 항동,True,0,0,2025-12-18 13:32:51,1766032371,,610500006,https://m.bunjang.co.kr/products/376814405
풀리오 마사지기,376376277,풀리오 마사지기 본품 박스,100000,0,판매중,중고,서울특별시 송파구 잠실본동,True,3,0,2025-12-16 09:52:36,1765846356,,610500006,https://m.bunjang.co.kr/products/376376277
풀리오 마사지기,376198893,풀리오 무선 종아리 마사지기 V3,80000,1,예약중,중고,인천광역시 계양구 작전1동,False,3,0,2025-12-15 13:40:38,1765773638,,610500006,https://m.bunjang.co.kr/products/376198893
풀리오 마사지기,376165040,풀리오 목어깨 마사지기 V2 새상품,70000,0,판매중,새상품,대전광역시 서구 관저1동,False,3,0,2025-12-15 09:55:19,1765760119,폴리오 목어깨마사지 마사지기,610500006,https://m.bunjang.co.kr/products/376165040
풀리오 마사지기,375121301,풀리오 손마사지기,75000,0,판매중,중고,,True,1,0,2025-12-10 23:29:40,1765376980,,610500006,https://m.bunjang.co.kr/products/375121301
풀리오 마사지기,373557031,풀리오 백풀러 허리마사지기 (거의 새것) 마지막 가격내립니다,88000,0,판매중,중고,대전광역시 동구 용운동,True,1,0,2025-12-04 10:09:57,1764810597,,610500006,https://m.bunjang.co.kr/products/373557031
풀리오 마사지기,371561316,풀리오 손마사지기,55000,1,예약중,중고,경기도 부천시 원미구 중4동,False,3,0,2025-12-03 08:50:37,1764719437,,610500006,https://m.bunjang.co.kr/products/371561316
풀리오 마사지기,372070753,풀리오 넥풀러 목 어깨 마사지기,150000,1,예약중,중고,경기도 수원시 장안구 송죽동,False,0,0,2025-11-27 22:21:17,1764249677,,610500006,https://m.bunjang.co.kr/products/372070753
풀리오 마사지기,370475780,풀리오 넥풀러 목 마사지기,180000,1,예약중,중고,,True,2,0,2025-11-26 22:34:41,1764164081,,610500006,https://m.bunjang.co.kr/products/370475780
풀리오 마사지기,371489106,풀리오 어깨 마사지기,68000,0,판매중,중고,,True,0,0,2025-11-25 00:55:56,1763999756,풀리오 마사지기 어깨마사지기 풀리오어깨,610700005,https://m.bunjang.co.kr/products/371489106
풀리오 마사지기,370276629,풀리오 마사지부츠 마사지기,150000,0,판매중,중고,서울특별시 동대문구 휘경제2동,False,2,0,2025-11-19 13:36:30,1763526990,풀리오 풀리오종아리 마사지기,610500006,https://m.bunjang.co.kr/products/370276629
풀리오 마사지기,367697616,풀리오 다리마사지기 v3 판매,90000,1,예약중,중고,경상남도 김해시 내외동,False,0,0,2025-11-14 19:39:10,1763116750,,610500006,https://m.bunjang.co.kr/products/367697616
풀리오 마사지기,368913163,풀리오에어괄사마사지기,100000,0,판매중,새상품,서울특별시 동작구 상도제4동,False,0,0,2025-11-13 00:02:02,1762959722,,610500006,https://m.bunjang.co.kr/products/368913163
풀리오 마사지기,368458667,풀리오 넥풀러 목어깨 마사지기,290000,0,판매중,중고,서울특별시 은평구 진관동,False,2,0,2025-11-10 20:50:15,1762775415,,610500006,https://m.bunjang.co.kr/products/368458667
풀리오 마사지기,368456337,풀리오 에어 괄사 마사지기,80000,0,판매중,중고,서울특별시 은평구 진관동,False,0,0,2025-11-10 20:41:15,1762774875,,610500006,https://m.bunjang.co.kr/products/368456337
풀리오 마사지기,367461689,풀리오 목 어깨 마사지기 V2 퍼플 풀박 새상품,100000,0,판매중,새상품,서울특별시 강남구 삼성1동,False,1,0,2025-11-06 10:27:50,1762392470,,610500006,https://m.bunjang.co.kr/products/367461689
풀리오 마사지기,283456265,미개봉+파우치증정)풀리오 손 마사지기,90000,0,판매중,새상품,,False,9,0,2025-11-05 15:35:49,1762324549,,610500006,https://m.bunjang.co.kr/products/283456265
풀리오 마사지기,353284240,(새상품) 풀리오 종아리 마사지기 V2,100000,1,예약중,새상품,서울특별시 영등포구 도림동,False,3,0,2025-10-31 08:16:06,1761866166,,610500006,https://m.bunjang.co.kr/products/353284240
풀리오 마사지기,364726324,풀리오 목어깨 마사지기,70000,0,판매중,중고,경기도 수원시 장안구 정자2동,True,3,0,2025-10-24 15:36:02,1761287762,,610500006,https://m.bunjang.co.kr/products/364726324
풀리오 마사지기,363497003,풀리오 손마사지기,55000,0,판매중,중고,,True,7,0,2025-10-18 20:01:39,1760785299,풀리오 마사지기 효도 풀리오손마사지 손마사지기,610500006,https://m.bunjang.co.kr/products/363497003
풀리오 마사지기,363477138,풀리오 목 어깨 마사지기 V2 (새상품),70000,1,예약중,새상품,,False,1,0,2025-10-18 18:28:58,1760779738,,610500006,https://m.bunjang.co.kr/products/363477138
풀리오 마사지기,362912587,풀리오 목 어깨 마사지기 V2 (미개봉),85000,0,판매중,새상품,인천광역시 서구 가정1동,False,1,0,2025-10-15 23:44:38,1760539478,새상품,610500006,https://m.bunjang.co.kr/products/362912587
풀리오 마사지기,322322428,풀리오 목 어깨 마사지기,80000,0,판매중,중고,,True,1,0,2025-10-13 15:22:58,1760336578,풀리오 풀리오마사지,610500006,https://m.bunjang.co.kr/products/322322428
풀리오 마사지기,362092877,풀리오 종아리 마사지기 + 설명서 + 케이블,85000,0,판매중,새상품,,False,5,0,2025-10-12 12:28:21,1760239701,풀리오 마사지기 종아리마사지기 종아리,610500006,https://m.bunjang.co.kr/products/362092877
풀리오 마사지기,355819019,풀리오 풀리션 마사지 부츠,135000,0,판매중,중고,,True,9,0,2025-10-10 02:47:51,1760032071,풀리오 풀리선 마사지기,610500006,https://m.bunjang.co.kr/products/355819019
풀리오 마사지기,361153709,풀리오 목어깨 마사지기 V2,500,1,예약중,중고,경기도 부천시 원미구 중동,False,0,0,2025-10-07 23:12:22,1759846342,,610500006,https://m.bunjang.co.kr/products/361153709
풀리오 마사지기,360873660,풀리오 허리마사지기,70000,1,예약중,중고,,False,2,0,2025-10-06 15:04:45,1759730685,,610500006,https://m.bunjang.co.kr/products/360873660
풀리오 마사지기,360856835,풀리오 풀리오 종아리 마사지기 V2 지퍼형,70000,1,예약중,중고,,True,0,0,2025-10-06 13:23:25,1759724605,풀리오 풀리오마사지기 풀리오종아리 다리마사지 다리마사지기,610500006,https://m.bunjang.co.kr/products/360856835
풀리오 마사지기,360686086,[판매완료]풀리오 목어깨 마사지기(v1) 풀박스,1004,1,예약중,중고,,False,0,0,2025-10-05 15:41:23,1759646483,,610500006,https://m.bunjang.co.kr/products/360686086
풀리오 마사지기,359434004,풀리오 어깨 마사지기 새상품,85000,0,판매중,새상품,경기도 김포시 고촌읍,True,1,0,2025-09-29 09:00:57,1759104057,,610500006,https://m.bunjang.co.kr/products/359434004
풀리오 마사지기,356936814,(직거래  할인해드려요) 풀리오 백풀러 허리 마사지기,85000,1,예약중,중고,경기도 양주시 옥정2동,False,5,0,2025-09-27 19:01:53,1758967313,풀리오 허리마사지기 저주파마사지기 폴리오마사지기 무선마사지기,610500006,https://m.bunjang.co.kr/products/356936814
풀리오 마사지기,358928633,풀리오 종아리마사지기 V3(미개봉),150000,0,판매중,새상품,서울특별시 금천구 독산제1동,True,4,0,2025-09-26 23:07:17,1758895637,새상품,610500006,https://m.bunjang.co.kr/products/358928633
풀리오 마사지기,287248371,풀리오 종아리 마사지기 (지퍼 벨크로형)_2.6L,114010,0,판매중,새상품,,True,0,0,2025-09-26 22:43:07,1758894187,명절선물 추석선물 선물세트,610500006,https://m.bunjang.co.kr/products/287248371
풀리오 마사지기,358146411,풀리오 목어깨 마사지기,85000,0,판매중,새상품,,False,0,0,2025-09-23 17:54:52,1758617692,폴리오 목마사지 폴리오마사지기 폴리오무선마사지기 폴리오어깨,610500006,https://m.bunjang.co.kr/products/358146411
풀리오 마사지기,358049172,풀리오 어깨 목 마사지기,70000,0,판매중,중고,서울특별시 구로구 구로제2동,True,0,0,2025-09-23 10:44:46,1758591886,,610500006,https://m.bunjang.co.kr/products/358049172
풀리오 마사지기,357998297,풀리오 넥풀러 목 어깨 마사지기 홈케어,330000,0,판매중,중고,,True,3,0,2025-09-22 23:50:07,1758552607,풀리오 목 어깨 마사지기 홈케어,610500006,https://m.bunjang.co.kr/products/357998297
풀리오 마사지기,355540774,풀리오 종아리마사지기,50000,1,예약중,중고,인천광역시 서구 청라1동,False,1,0,2025-09-11 16:24:00,1757575440,,610500006,https://m.bunjang.co.kr/products/355540774
풀리오 마사지기,351553773,(새상품) 풀리오 종아리 마사지기 V3,130000,1,예약중,새상품,,False,3,0,2025-09-01 23:26:14,1756736774,,610500006,https://m.bunjang.co.kr/products/351553773
풀리오 마사지기,350591228,풀리오 허벅지 마사지기(새제품/풀박스),180000,1,예약중,새상품,,False,6,0,2025-08-29 21:03:50,1756469030,,610500006,https://m.bunjang.co.kr/products/350591228
풀리오 마사지기,425990354,풀리오 무선 종아리 마사지기,48000,3,판매완료,중고,,True,0,0,2026-08-27 00:58:57,1787759937,,610500006,https://m.bunjang.co.kr/products/425990354
풀리오 마사지기,425172763,풀리오 목어깨 안마마사지기 단순개봉상품 판매합니다,30000,3,판매완료,중고,,True,0,0,2026-08-24 10:08:13,1787533693,풀리오 목어깨안마기 마사지기,610500006,https://m.bunjang.co.kr/products/425172763
풀리오 마사지기,424087591,풀리오 종아리 마사지기 PLO-CB227,65000,3,판매완료,중고,,False,9,0,2026-08-23 17:47:17,1787474837,풀리오종아리 풀리오마사지 pulio,610500006,https://m.bunjang.co.kr/products/424087591
풀리오 마사지기,425024336,풀리오 종아리 마사지기 V3,70000,3,판매완료,중고,,True,1,0,2026-08-23 08:55:22,1787442922,폴리오 폴리오종아리 폴리오마사지 종아리마사지기 종아리,610500006,https://m.bunjang.co.kr/products/425024336
풀리오 마사지기,424889163,풀리오 목/어깨 마사지기 v2 퍼플/화이트,35000,3,판매완료,중고,,True,0,0,2026-08-21 12:34:26,1787283266,,610500006,https://m.bunjang.co.kr/products/424889163
풀리오 마사지기,422555996,미개봉 새상품] 풀리오 폴더백 프리미엄 마사지 매트 팝니다 (추석선물 강추),280000,3,판매완료,새상품,,False,0,0,2026-08-21 00:35:06,1787240106,폴리오 폴리오종아리 마사지기 안마기 안마의자,610500006,https://m.bunjang.co.kr/products/422555996
풀리오 마사지기,424966387,풀리오 종아리 마사지기 v3,77000,3,판매완료,중고,서울특별시 구로구 개봉제2동,True,2,0,2026-08-20 19:45:22,1787222722,,610500006,https://m.bunjang.co.kr/products/424966387
풀리오 마사지기,424956975,풀리오 무선 종아리 마사지기 v2,50000,3,판매완료,중고,경상북도 영주시 순흥면,False,5,0,2026-08-20 18:32:09,1787218329,,610500006,https://m.bunjang.co.kr/products/424956975
풀리오 마사지기,424463908,풀리오 목 베개 마사지기 - 1만원,10000,3,판매완료,중고,,False,0,0,2026-08-18 15:33:10,1787034790,풀리오 목마사지기 Pulio 목베개,610500006,https://m.bunjang.co.kr/products/424463908
풀리오 마사지기,424463248,풀리오 에어 괄사 마사지기 ML001 박스풀셋 - 2만원,20000,3,판매완료,중고,,False,1,0,2026-08-17 09:23:21,1786926201,풀리오 풀리오에어괄사 괄사 Pulio,610500006,https://m.bunjang.co.kr/products/424463248
풀리오 마사지기,423402022,풀리오 목 어깨 마사지기 v2,43000,3,판매완료,중고,,False,0,0,2026-08-13 08:44:19,1786578259,,610500006,https://m.bunjang.co.kr/products/423402022
풀리오 마사지기,416915956,풀리오 무선 종아리 마사지기 V3,105000,3,판매완료,중고,,False,22,0,2026-08-12 14:17:49,1786511869,풀리오 풀리오v3 마사지기 종아리마사지기 풀리오종아리,610500006,https://m.bunjang.co.kr/products/416915956
풀리오 마사지기,423879168,"풀리오 무선 손, 손목 마사지기 상태 좋고 작동잘됩니다",45000,3,판매완료,중고,경기도 안산시 단원구 선부3동,False,0,0,2026-08-11 16:31:49,1786433509,,610500006,https://m.bunjang.co.kr/products/423879168
풀리오 마사지기,423844392,"[DDB강동,S급] 풀리오 손 손목 마사지기 HD002 공기압마사지기",50000,3,판매완료,중고,,True,0,0,2026-08-11 11:04:29,1786413869,풀리오 풀리오손마사지기 마사지기 손마사지 손목마사지기,610500006,https://m.bunjang.co.kr/products/423844392
풀리오 마사지기,422766560,풀리오 에어괄사 마사지기,64000,3,판매완료,중고,경기도 남양주시 다산1동,False,1,0,2026-08-09 12:07:46,1786244866,풀리오 풀리오에어괄사 에어괄사 두피마사지 마사지기,610500006,https://m.bunjang.co.kr/products/422766560
풀리오 마사지기,422023754,풀리오 목 어깨 마사지기 + 충전기,30000,3,판매완료,중고,,False,0,0,2026-08-05 12:52:01,1785901921,풀리오어깨 풀리오 마사지 마사지기 목,610500006,https://m.bunjang.co.kr/products/422023754
풀리오 마사지기,422696971,풀리오 폴리오 손 마사지기 V2 판매합니다.,128000,3,판매완료,새상품,,True,4,0,2026-08-02 23:20:29,1785680429,,610500006,https://m.bunjang.co.kr/products/422696971
풀리오 마사지기,422633714,풀리오 종아리 마사지기 V3,92000,3,판매완료,중고,,False,2,0,2026-08-02 13:58:54,1785646734,풀리오 풀리오v3,610500006,https://m.bunjang.co.kr/products/422633714
풀리오 마사지기,422669100,풀리오 등허리 쿠션 마사지기,60000,3,판매완료,중고,,False,3,0,2026-08-01 20:12:41,1785582761,,610500006,https://m.bunjang.co.kr/products/422669100
풀리오 마사지기,422561334,풀리오 프리미엄 마사지기(허벅지 종아리),150000,3,판매완료,중고,,True,9,0,2026-07-31 20:56:37,1785498997,,610500006,https://m.bunjang.co.kr/products/422561334
풀리오 마사지기,421968923,풀리오 종아리 마사지기 V3,90250,3,판매완료,중고,,True,2,0,2026-07-28 17:59:26,1785229166,,610500006,https://m.bunjang.co.kr/products/421968923
풀리오 마사지기,422183345,풀리오 목어깨 마사지기 V2 라벤더,30000,3,판매완료,중고,,False,2,0,2026-07-28 17:22:05,1785226925,,610500006,https://m.bunjang.co.kr/products/422183345
풀리오 마사지기,418086552,새상품 혼바디 에어링 EMS 종아리 마사지기,45000,3,판매완료,새상품,,False,0,0,2026-07-27 21:15:20,1785154520,풀리오 종아리마사지기 풀리오종아리 혼바디 ems마사지기,610500006,https://m.bunjang.co.kr/products/418086552
풀리오 마사지기,422023487,풀리오 종아리 마사지기 + 충전기,50000,3,판매완료,중고,,False,2,0,2026-07-27 19:12:05,1785147125,풀리오종아리 종아리마사지 풀리오 풀리오종아리v3 마사지기,610500006,https://m.bunjang.co.kr/products/422023487
풀리오 마사지기,421770319,미개봉 발란스핏 종아리 마사지기,48000,3,판매완료,새상품,,False,4,0,2026-07-27 10:51:32,1785117092,종아리마사지기 종아리마사지 마사지 발란스핏 풀리오,610500006,https://m.bunjang.co.kr/products/421770319
풀리오 마사지기,417060073,풀리오 pulio 종아리 마사지기,65000,3,판매완료,중고,,True,14,0,2026-07-25 23:20:41,1784989241,폴리오 pulio 다리마사지기 마사지기 폴리오마사지기,610500006,https://m.bunjang.co.kr/products/417060073
풀리오 마사지기,420265320,풀리오 v3 마사지기 팝니다,50000,3,판매완료,중고,서울특별시 강서구 화곡본동,False,0,0,2026-07-25 17:13:35,1784967215,,610500006,https://m.bunjang.co.kr/products/420265320
풀리오 마사지기,418339817,풀리오 목 어깨 두드림 마사지기 V3,90000,3,판매완료,중고,,False,3,0,2026-07-24 15:37:25,1784875045,,610500006,https://m.bunjang.co.kr/products/418339817
풀리오 마사지기,421690820,풀리오 풀리지 허벅지 마사지기,119400,3,판매완료,새상품,,True,18,0,2026-07-24 12:27:02,1784863622,,610500006,https://m.bunjang.co.kr/products/421690820
풀리오 마사지기,421676272,풀리오 종아리 마사지기 V3 퍼플,80000,3,판매완료,중고,대전광역시 대덕구 회덕동,False,0,0,2026-07-24 09:21:30,1784852490,풀리오v3 풀리오 마사지기,610500006,https://m.bunjang.co.kr/products/421676272
풀리오 마사지기,420037270,풀리오 종아리 마사지기,70000,3,판매완료,중고,,False,4,0,2026-07-23 20:23:36,1784805816,풀리오 풀리오v3 풀리오종아리 종아리마사지기,610500006,https://m.bunjang.co.kr/products/420037270
풀리오 마사지기,413943061,미개봉)새상품 풀리오 목어깨 마사지기 V2 네고가능,89000,3,판매완료,새상품,,False,3,0,2026-07-20 22:31:53,1784554313,풀리오 pulio 마사지기 선물 풀리오목어깨,610500006,https://m.bunjang.co.kr/products/413943061
풀리오 마사지기,418068141,풀리오 허리 마사지기(5회미만사용),60000,3,판매완료,중고,,True,0,0,2026-07-20 22:15:45,1784553345,,610500006,https://m.bunjang.co.kr/products/418068141
풀리오 마사지기,420890295,풀리오 풀리지 허벅지 마사지기,110000,3,판매완료,중고,,False,0,0,2026-07-19 20:22:31,1784460151,,610500006,https://m.bunjang.co.kr/products/420890295
풀리오 마사지기,418878720,풀리오 허벅지 종아리 마사지기,145000,3,판매완료,중고,대구광역시 북구 고성동,False,4,0,2026-07-19 10:21:33,1784424093,풀리오 풀리오v3 풀리오허벅지 풀리오종아리 마사지,610500006,https://m.bunjang.co.kr/products/418878720
풀리오 마사지기,420647619,풀리오 종아리 마사지기 V2 블랙 PLO-CB227 / 1개 단일상품,56000,3,판매완료,중고,,True,0,0,2026-07-18 17:45:50,1784364350,,610500006,https://m.bunjang.co.kr/products/420647619
풀리오 마사지기,419023700,풀리오 무선 종아리 마사지기V2,70000,3,판매완료,중고,,False,7,0,2026-07-16 12:09:12,1784171352,폴리오 풀리오종아리 종아리마사지기,610500006,https://m.bunjang.co.kr/products/419023700
풀리오 마사지기,417072303,[마사지기] 풀리오 목어깨 마사지기 풀박스 신품 동급,50000,3,판매완료,중고,경기도 고양시 덕양구 화전동,False,4,0,2026-07-16 09:54:05,1784163245,,610500006,https://m.bunjang.co.kr/products/417072303
풀리오 마사지기,420082881,풀리오 목 어깨 마사지기 v3,80000,3,판매완료,새상품,경기도 김포시 풍무동,False,1,0,2026-07-16 00:18:14,1784128694,,610500006,https://m.bunjang.co.kr/products/420082881
풀리오 마사지기,420027944,풀리오 목어깨 두드림 마사지기 V3,100000,3,판매완료,중고,,True,2,0,2026-07-15 16:39:22,1784101162,풀리오 어깨마사지기 마사지기 V3,610500006,https://m.bunjang.co.kr/products/420027944
풀리오 마사지기,417390460,풀리오 종아리 마사지기 V2  새것미개봉박스채,83990,3,판매완료,새상품,,True,3,0,2026-07-15 11:20:51,1784082051,풀리오종아리 풀리오v2,610500006,https://m.bunjang.co.kr/products/417390460
풀리오 마사지기,419694599,풀리오 무선 종아리 마사지기 v3 판매합니다,69000,3,판매완료,중고,,False,0,0,2026-07-13 19:33:20,1783938800,,610500006,https://m.bunjang.co.kr/products/419694599
풀리오 마사지기,419683559,풀리오 허리마사지기 리모컨 포함 풀박스,69000,3,판매완료,중고,,False,0,0,2026-07-13 18:32:57,1783935177,풀리오 풀리오 마사지기 허리맛사지기 풀리오백풀러,610500006,https://m.bunjang.co.kr/products/419683559
풀리오 마사지기,419332479,풀리오 미니맥스 마사지건 단순개봉 새상품,34000,3,판매완료,새상품,,False,0,0,2026-07-11 22:12:02,1783775522,풀리오 풀리오마사지건 마사지기 선물 미니맥스,610500006,https://m.bunjang.co.kr/products/419332479
풀리오 마사지기,418948579,풀리오 허벅지 마사지기,140000,3,판매완료,중고,서울특별시 영등포구 신길제1동,False,1,0,2026-07-09 21:50:18,1783601418,풀리오 풀리오종아리 풀리오허벅지 풀리오마사지기 마사지,610500006,https://m.bunjang.co.kr/products/418948579
풀리오 마사지기,418444673,새상품) 풀리오 종아리 마사지기 V2,78000,3,판매완료,새상품,,False,1,0,2026-07-08 19:59:50,1783508390,,610500006,https://m.bunjang.co.kr/products/418444673
풀리오 마사지기,403261223,풀리오다리마사지기,65000,3,판매완료,중고,,False,5,0,2026-07-08 17:14:11,1783498451,,610500006,https://m.bunjang.co.kr/products/403261223
풀리오 마사지기,418668975,풀리오 무선 종아리 마사지기 V3,110000,3,판매완료,새상품,,False,0,0,2026-07-08 15:44:51,1783493091,풀리오v3 풀리오 마사지기,610500006,https://m.bunjang.co.kr/products/418668975
풀리오 마사지기,418625234,풀리오 플리오 허벅지종아리마사지기 새상품,139000,3,판매완료,새상품,,True,0,0,2026-07-08 11:27:15,1783477635,,610500006,https://m.bunjang.co.kr/products/418625234
풀리오 마사지기,418330351,풀리오 풀리지 허벅지 마사지기,135000,3,판매완료,중고,,False,4,0,2026-07-06 18:57:16,1783331836,,610500006,https://m.bunjang.co.kr/products/418330351
풀리오 마사지기,418134048,풀리오 무선 종아리 마사지기,50000,3,판매완료,중고,인천광역시 계양구 계양1동,False,0,0,2026-07-05 18:38:37,1783244317,,610500006,https://m.bunjang.co.kr/products/418134048
풀리오 마사지기,418067879,풀리오 퍼플 손마사지기 (2회 사용),50000,3,판매완료,중고,,True,0,0,2026-07-05 13:39:08,1783226348,,610500006,https://m.bunjang.co.kr/products/418067879
풀리오 마사지기,418053777,미개봉) 풀리오 풀리지 허벅지 마사지기,180000,3,판매완료,새상품,,False,2,0,2026-07-05 12:21:36,1783221696,풀리오 마사지기 다리마사지기 종아리마사지,610500006,https://m.bunjang.co.kr/products/418053777
풀리오 마사지기,418039688,풀리오 목 어깨 두드림 마사지기 V3,70000,3,판매완료,중고,,False,0,0,2026-07-05 10:58:24,1783216704,,610500006,https://m.bunjang.co.kr/products/418039688
풀리오 마사지기,418000815,풀리오 무선 종아리 마사지기 V3,85000,3,판매완료,중고,경기도 김포시 운양동,False,0,0,2026-07-05 01:05:35,1783181135,,610500006,https://m.bunjang.co.kr/products/418000815
풀리오 마사지기,417579185,풀리오 손목마사지기 라벤더,50000,3,판매완료,중고,,False,2,0,2026-07-03 05:57:47,1783025867,,610500006,https://m.bunjang.co.kr/products/417579185
풀리오 마사지기,417469485,플리오 다리 마사지기,48000,3,판매완료,중고,,True,5,0,2026-07-02 16:21:28,1782976888,풀리오 종아리 풀리오종아리 다리마사지기 마사지,610500006,https://m.bunjang.co.kr/products/417469485
풀리오 마사지기,417330068,풀리오 손 마사지기,55000,3,판매완료,새상품,대구광역시 북구 관음동,True,0,0,2026-07-01 21:06:07,1782907567,,610500006,https://m.bunjang.co.kr/products/417330068
풀리오 마사지기,417177606,풀리오 넥풀러 목 어깨 마사지기 상태 s급 최저가 판매,99000,3,판매완료,중고,,False,1,0,2026-07-01 00:54:05,1782834845,,610500006,https://m.bunjang.co.kr/products/417177606
풀리오 마사지기,416826015,풀리오 백플러 허리 마사지기,150000,3,판매완료,새상품,충청남도 당진시 당진3동,True,0,0,2026-06-29 04:22:02,1782674522,,610500006,https://m.bunjang.co.kr/products/416826015
풀리오 마사지기,416684053,풀리오 종아리 마사지기,59000,3,판매완료,중고,,False,1,0,2026-06-28 15:25:36,1782627936,풀리오,610500006,https://m.bunjang.co.kr/products/416684053
풀리오 마사지기,416595700,풀리오 미니맥스 마사지기 구성품 풀셋,40000,3,판매완료,중고,,False,1,0,2026-06-28 01:29:33,1782577773,,610500006,https://m.bunjang.co.kr/products/416595700
풀리오 마사지기,416527934,풀리오 종아리 마사지기 V3 미개봉 새제품,110000,3,판매완료,새상품,,True,0,0,2026-06-27 19:20:47,1782555647,풀리오 종아리마사지기 마사지기 풀리오마사지기 풀리오종아리,610500006,https://m.bunjang.co.kr/products/416527934
풀리오 마사지기,416475644,(미개봉 새상품) 풀리오 풀리지 허벅지 마사지기,185000,3,판매완료,새상품,세종특별자치시  해밀동,True,4,0,2026-06-27 15:17:50,1782541070,,610500006,https://m.bunjang.co.kr/products/416475644
풀리오 마사지기,416334103,풀리오 어깨 마사지기 V3,90000,3,판매완료,중고,,True,5,0,2026-06-26 19:50:22,1782471022,,610500006,https://m.bunjang.co.kr/products/416334103
풀리오 마사지기,416242104,[마사지] 풀리오 등허리 쿠션 마사지기,70000,3,판매완료,중고,,False,1,0,2026-06-26 11:41:59,1782441719,풀리오 마사지 안마 쿠션 허리,610500006,https://m.bunjang.co.kr/products/416242104
풀리오 마사지기,415889185,V3 풀리오 다리 마사지기,60000,3,판매완료,중고,,True,2,0,2026-06-24 13:53:34,1782276814,,610500006,https://m.bunjang.co.kr/products/415889185
풀리오 마사지기,415722166,풀리오 허벅지 마사지기,118000,3,판매완료,중고,,False,0,0,2026-06-23 16:27:43,1782199663,풀리오 풀리오허벅지 마사기 마사지기 다리마사지기,610500006,https://m.bunjang.co.kr/products/415722166
풀리오 마사지기,415477510,[미개봉 새상품] 힐리머 종아리 마사지기 (실사용 강추!),60000,3,판매완료,새상품,,False,0,0,2026-06-22 10:50:41,1782093041,종아리마사지기 마사지기 풀리오,610500006,https://m.bunjang.co.kr/products/415477510
풀리오 마사지기,415395249,[미개봉 새상품] 힐리머 종아리 마사지기 (실사용 강추!),60000,3,판매완료,새상품,,False,0,0,2026-06-21 21:10:55,1782043855,마사지기 종아리마사지 EMS 풀리오,610500006,https://m.bunjang.co.kr/products/415395249
풀리오 마사지기,415381974,풀리오 종아리 마사지기 v2,80000,3,판매완료,새상품,서울특별시 강동구 강일동,False,0,0,2026-06-21 20:02:37,1782039757,,610500006,https://m.bunjang.co.kr/products/415381974
풀리오 마사지기,413812266,[새상품] 혼바디 DBL샷 EMS 고주파 마사지기,45000,3,판매완료,새상품,,False,3,0,2026-06-21 17:51:08,1782031868,혼바디 디비엘샷 고주파마사지기 ems마사지기 풀리오,610700003,https://m.bunjang.co.kr/products/413812266
풀리오 마사지기,415352708,"[DDB하남,A급] 풀리오 손 손목 마사지기 HD002",70000,3,판매완료,중고,,True,0,0,2026-06-21 17:37:51,1782031071,풀리오 마사지기 안마기 풀리오손마사지 손목마사지기,610500006,https://m.bunjang.co.kr/products/415352708
풀리오 마사지기,415264800,슈미트 공기압 종아리 마사지기,30000,3,판매완료,중고,경상북도 포항시 남구 연일읍,False,1,0,2026-06-21 09:57:29,1782003449,슈미트 마사지 종아리마사지기 풀리오,610500006,https://m.bunjang.co.kr/products/415264800
풀리오 마사지기,415091182,풀리오 넥풀러 목 어깨 마사지기 미사용 풀박스,150000,3,판매완료,새상품,제주특별자치도 제주시 노형동,False,0,0,2026-06-20 13:18:46,1781929126,풀리오 마사지 넥풀러 마사지기 목마사지,610500006,https://m.bunjang.co.kr/products/415091182
풀리오 마사지기,415022099,풀리오 종아리 마사지기 V3,60000,3,판매완료,중고,,False,0,0,2026-06-20 00:11:33,1781881893,,610500006,https://m.bunjang.co.kr/products/415022099
풀리오 마사지기,387486183,풀리오 목어깨 마사지기 V2,52000,3,판매완료,중고,전북특별자치도 익산시 영등1동,False,1,0,2026-06-19 14:28:13,1781846893,풀리오 풀리오목어깨 풀리오v2,610500006,https://m.bunjang.co.kr/products/387486183
풀리오 마사지기,414877013,[마사지기] 풀리오 어깨 마사지기,45000,3,판매완료,중고,,True,0,0,2026-06-19 09:08:37,1781827717,풀리오 마사지기 어깨마사지기 풀리오어깨마사지기,610500006,https://m.bunjang.co.kr/products/414877013
풀리오 마사지기,414784538,"[DDB하남,B급] 풀리오 풀리션 마사지부츠 팬텀 블랙",55000,3,판매완료,중고,,True,0,0,2026-06-18 18:27:07,1781774827,풀리오 마사지기 다리마사지기 안마기 다리안마기,610500006,https://m.bunjang.co.kr/products/414784538
풀리오 마사지기,414500504,풀리오 무선 종아리 마사지기 v2 cb227,75000,3,판매완료,중고,,True,0,0,2026-06-16 20:44:24,1781610264,풀리오 풀리오마사지기,610500006,https://m.bunjang.co.kr/products/414500504
풀리오 마사지기,410961536,풀리오 종아리 마사지기 V2 (퍼플 색상),77000,3,판매완료,중고,,False,2,0,2026-06-16 17:05:32,1781597132,,610500006,https://m.bunjang.co.kr/products/410961536
풀리오 마사지기,414377716,풀리오 손마사지기,80000,3,판매완료,새상품,서울특별시 양천구 목3동,True,0,0,2026-06-16 10:50:41,1781574641,,610500006,https://m.bunjang.co.kr/products/414377716
풀리오 마사지기,414307276,[마사지기]  풀리오 종아리 마사지기 일반형 무선 공기압 강도조절,70000,3,판매완료,중고,,False,2,0,2026-06-15 15:25:17,1781504717,폴리오 무선 다리 마사지기 종아리,610500006,https://m.bunjang.co.kr/products/414307276
풀리오 마사지기,413931802,풀리오 목 마사지기,50000,3,판매완료,중고,,False,0,0,2026-06-15 01:36:03,1781454963,,610500006,https://m.bunjang.co.kr/products/413931802
풀리오 마사지기,414054836,풀리오 풀리지 허벅지 마사지기,150000,3,판매완료,새상품,부산광역시 북구 화명제3동,False,0,0,2026-06-14 10:30:50,1781400650,,610500006,https://m.bunjang.co.kr/products/414054836
풀리오 마사지기,413661786,풀리오 무선 마사지기 25년 2월 제조,110000,3,판매완료,중고,서울특별시 용산구 용산2가동,False,1,0,2026-06-14 10:04:39,1781399079,,610500006,https://m.bunjang.co.kr/products/413661786
풀리오 마사지기,413631771,[무료배송] 풀리오 V3 종아리 마사지기 풀세트,95000,3,판매완료,중고,,True,2,0,2026-06-12 22:34:17,1781271257,풀리오 풀리오v3 마사지기 다리마사지,610500006,https://m.bunjang.co.kr/products/413631771
풀리오 마사지기,413180932,풀리오 v3 종아리 마사지기 25년 9월 제조,65000,3,판매완료,중고,서울특별시 강남구 도곡1동,False,9,0,2026-06-12 12:27:24,1781234844,풀리오 종아리마사지기 V3 풀리오종아리,610500006,https://m.bunjang.co.kr/products/413180932
풀리오 마사지기,413664848,"[DDB하남,A급] 오예 OHYEAH 종아리 온열 공기압 마사지기",30000,3,판매완료,중고,,True,1,0,2026-06-11 22:35:23,1781184923,종아리마사지 풀리오 종아리마사지기 공기압마사지 공기압마사지기,610500006,https://m.bunjang.co.kr/products/413664848
풀리오 마사지기,413543332,풀리오 풀리지 허벅지 마사지기 블랙,100000,3,판매완료,중고,,True,2,0,2026-06-11 01:47:45,1781110065,,610500006,https://m.bunjang.co.kr/products/413543332
풀리오 마사지기,412176693,풀리오 손목 마사지기,53000,3,판매완료,중고,서울특별시 종로구 혜화동,False,3,0,2026-06-10 18:13:17,1781082797,풀리오 풀리오손목 손목마사지,610500006,https://m.bunjang.co.kr/products/412176693
풀리오 마사지기,408908571,"풀리오 목 어깨 마사지기, 눈 마사지기",50000,3,판매완료,중고,충청북도 청주시 청원구 내수읍,False,5,0,2026-06-10 10:15:36,1781054136,,610500006,https://m.bunjang.co.kr/products/408908571
풀리오 마사지기,413176937,풀리오 마사지기 본체 + 리모컨,55000,3,판매완료,새상품,,False,1,0,2026-06-08 19:21:13,1780914073,,610500006,https://m.bunjang.co.kr/products/413176937
풀리오 마사지기,412714787,풀리오 백풀러 허리마사지기,60000,3,판매완료,중고,,False,3,0,2026-06-08 10:22:38,1780881758,,610500006,https://m.bunjang.co.kr/products/412714787
풀리오 마사지기,411313943,풀리오 목 어깨 마사지기,40000,3,판매완료,중고,서울특별시 광진구 군자동,False,3,0,2026-06-06 23:42:19,1780756939,,610500006,https://m.bunjang.co.kr/products/411313943
풀리오 마사지기,412570241,풀리오 다리전체마사지기,140000,3,판매완료,중고,경기도 파주시 금촌1동,False,7,0,2026-06-05 21:59:08,1780664348,,610500006,https://m.bunjang.co.kr/products/412570241
풀리오 마사지기,412183399,풀리오 에어 괄사 마사지기,40000,3,판매완료,중고,,True,0,0,2026-06-04 00:34:06,1780500846,,610500006,https://m.bunjang.co.kr/products/412183399
풀리오 마사지기,412128356,풀리오 등허리 쿠션 마사지기,59000,3,판매완료,새상품,,True,1,0,2026-06-03 20:49:53,1780487393,,610500006,https://m.bunjang.co.kr/products/412128356
풀리오 마사지기,410827414,풀리오 종아리 마사지기 v3,70000,3,판매완료,중고,,False,5,0,2026-06-01 14:52:22,1780293142,풀리오 v3 종아리 마사지기,610500006,https://m.bunjang.co.kr/products/410827414
풀리오 마사지기,408467618,풀리오 v3 박스 없음,86000,3,판매완료,중고,,True,5,0,2026-05-31 18:31:42,1780219902,플리오 V3 마사지기 종아리,700650100,https://m.bunjang.co.kr/products/408467618
풀리오 마사지기,411495222,풀리오 목 어깨 마사지기 V3,94100,3,판매완료,중고,,True,1,0,2026-05-31 17:06:56,1780214816,풀리오 안마기,610500006,https://m.bunjang.co.kr/products/411495222
풀리오 마사지기,411356295,풀리오 목 어깨 마사지기 V2,40000,3,판매완료,중고,,False,1,0,2026-05-31 00:36:15,1780155375,풀리오 풀리오v2 마사지기,610500006,https://m.bunjang.co.kr/products/411356295
풀리오 마사지기,411314438,풀리오 종아리 마사지기 V3,70000,3,판매완료,중고,서울특별시 광진구 군자동,False,1,0,2026-05-30 21:34:11,1780144451,,610500006,https://m.bunjang.co.kr/products/411314438
풀리오 마사지기,411295579,풀리오 목 어깨 마사지기 V3,80000,3,판매완료,중고,,False,0,0,2026-05-30 20:21:12,1780140072,,610500006,https://m.bunjang.co.kr/products/411295579
풀리오 마사지기,411008932,풀리오풀리오 종아리 마사지기 V3,70000,3,판매완료,중고,,True,5,0,2026-05-29 21:33:57,1780058037,종아리 마사지기 풀리오,610500006,https://m.bunjang.co.kr/products/411008932
풀리오 마사지기,405434674,풀리오 목어깨 마사지기,48000,3,판매완료,중고,,True,13,0,2026-05-28 19:01:49,1779962509,,610500006,https://m.bunjang.co.kr/products/405434674
풀리오 마사지기,410125749,Pulio 풀리오 등허리쿠션 마사지기,68000,3,판매완료,중고,경기도 성남시 분당구 삼평동,False,3,0,2026-05-25 09:45:56,1779669956,풀리오마사지기,610500006,https://m.bunjang.co.kr/products/410125749
풀리오 마사지기,392429974,Pulio 다리 종아리 마사지기 퍼플,66000,3,판매완료,중고,,False,10,0,2026-03-01 14:03:45,1772341425,,610500006,https://m.bunjang.co.kr/products/392429974
