search_keyword,product_id,title,price,status_code,status,location,registered_at,product_url,description,model,model_source,detail_status
메디큐브 부스터 프로,225769284,메디큐브 부스터프로 미개봉새상품,150000,0,판매중,,2026-08-27 10:27:14,https://web.joongna.com/product/225769284,,BOOSTER_PRO,text_variant,not_requested
메디큐브 부스터 프로,231884759,메디큐브 에이지알 부스터프로 짱구 에디션+글루타치온 앰플50ml+콜라겐 마스크팩 미개봉 새상품 뷰티디바이스,270000,0,판매중,,2026-08-27 10:39:09,https://web.joongna.com/product/231884759,,BOOSTER_PRO,text_variant,not_requested
메디큐브 부스터 프로,231807554,메디큐브 부스터프로 헬로키티 에디션,360000,0,판매중,,2026-08-27 10:33:07,https://web.joongna.com/product/231807554,,BOOSTER_PRO,text_variant,not_requested
메디큐브 부스터 프로,231896440,메디큐브 부스터프로 미니 화이트,40000,0,판매중,,2026-08-27 09:15:52,https://web.joongna.com/product/231896440,,BOOSTER_PRO_MINI,text_variant,not_requested
메디큐브 부스터 프로,231890474,메디큐브 에이지알 부스터프로 짱구+히알루로닉 크림 50ml+콜라겐마스크팩 새상품 피부관리기기 뷰티디바이스,270000,0,판매중,,2026-08-27 08:55:53,https://web.joongna.com/product/231890474,,BOOSTER_PRO,text_variant,not_requested
메디큐브 부스터 프로,231889108,메디큐브 에이지알 부스터 프로 미니플러스원조 디바이스 입문템 미개봉 팝니다,90000,0,판매중,,2026-08-26 22:01:10,https://web.joongna.com/product/231889108,,BOOSTER_PRO_MINI,text_variant,not_requested
메디큐브 부스터 프로,231887302,메디큐브 에이지알 부스터프로 짱구 에디션 미개봉 새상품,265000,0,판매중,,2026-08-26 21:59:53,https://web.joongna.com/product/231887302,,BOOSTER_PRO,text_variant,not_requested
메디큐브 부스터 프로,231621646,메디큐브 AGE-R 부스터 프로 짱구 에디션 새제품,210000,0,판매중,양양읍,2026-08-26 16:14:06,https://web.joongna.com/product/231621646,,BOOSTER_PRO,text_variant,not_requested
메디큐브 부스터 프로,229408944,메디큐브 에이지알 부스터프로 패키지 (홈케어 미용기기 세트),170000,0,판매중,,2026-08-26 15:22:42,https://web.joongna.com/product/229408944,,BOOSTER_PRO,text_variant,not_requested
메디큐브 부스터 프로,231875337,메디큐브 부스터프로 x2 미개봉,235000,0,판매중,영종동,2026-08-26 14:28:12,https://web.joongna.com/product/231875337,,BOOSTER_PRO,text_variant,not_requested
메디큐브 부스터 프로,231869762,메디큐브 부스터프로,70000,3,판매완료,,2026-08-26 11:19:03,https://web.joongna.com/product/231869762,,BOOSTER_PRO,text_variant,not_requested
메디큐브 부스터 프로,231458317,메디큐브 에이지알 부스터프로,200000,0,판매중,,2026-08-26 10:48:05,https://web.joongna.com/product/231458317,,BOOSTER_PRO,text_variant,not_requested
메디큐브 부스터 프로,231560333,[박스미개봉 정품]메디큐브 부스터프로 핑크에디션 새상품,215000,0,판매중,거제면,2026-08-26 03:42:31,https://web.joongna.com/product/231560333,,BOOSTER_PRO,text_variant,not_requested
메디큐브 부스터 프로,231696274,[박스미개봉 정품]메디큐브 부스터프로 핑크에디션 새상품,215000,0,판매중,거제면,2026-08-26 03:15:20,https://web.joongna.com/product/231696274,,BOOSTER_PRO,text_variant,not_requested
메디큐브 부스터 프로,231440206,메디큐브 에이지알 부스터프로,120000,0,판매중,송파1동,2026-08-25 17:06:30,https://web.joongna.com/product/231440206,,BOOSTER_PRO,text_variant,not_requested
메디큐브 부스터 프로,231441119,메디큐브 부스터프로 쿠로미 에디션 (새상품),290000,0,판매중,,2026-08-25 17:04:16,https://web.joongna.com/product/231441119,,BOOSTER_PRO,text_variant,not_requested
메디큐브 부스터 프로,231834698,메디큐브 부스터 프로,150000,0,판매중,,2026-08-25 04:46:53,https://web.joongna.com/product/231834698,,BOOSTER_PRO,text_variant,not_requested
메디큐브 부스터 프로,227772467,미개봉 새상품 메디큐브 에이지알 부스터 프로 마이멜로디,790000,0,판매중,,2026-08-24 22:46:16,https://web.joongna.com/product/227772467,미개봉 새상품 입니다,BOOSTER_PRO,text_variant,200
메디큐브 부스터 프로,231815640,메디큐브 부스터프로 짱구에디션,120000,0,판매중,,2026-08-24 14:27:28,https://web.joongna.com/product/231815640,,BOOSTER_PRO,text_variant,not_requested
메디큐브 부스터 프로,231773044,메디큐브 부스터프로 미개봉 새상품,150000,0,판매중,,2026-08-24 00:23:22,https://web.joongna.com/product/231773044,,BOOSTER_PRO,text_variant,not_requested
메디큐브 부스터 프로,223736997,메디큐브 부스터 프로 블랙 풀박스(공홈 구매),240000,0,판매중,,2026-08-23 19:50:36,https://web.joongna.com/product/223736997,,BOOSTER_PRO,text_variant,not_requested
메디큐브 부스터 프로,231286094,(새제품)메디큐브 에이지알 부스터 프로 짱구 에디션 + 글루타치온 앰플,290000,0,판매중,,2026-08-23 18:34:45,https://web.joongna.com/product/231286094,,BOOSTER_PRO,text_variant,not_requested
메디큐브 부스터 프로,231394981,메디큐브 부스터프로,154000,0,판매중,,2026-08-23 12:55:26,https://web.joongna.com/product/231394981,,BOOSTER_PRO,text_variant,not_requested
메디큐브 부스터 프로,231777338,메디큐브 부스터프로,110000,0,판매중,,2026-08-23 01:52:03,https://web.joongna.com/product/231777338,,BOOSTER_PRO,text_variant,not_requested
메디큐브 부스터 프로,230008275,메디큐브 에이지 알 부스터 프로 블랙 미개봉,180000,0,판매중,중제1동,2026-08-22 19:00:26,https://web.joongna.com/product/230008275,,BOOSTER_PRO,text_variant,not_requested
메디큐브 부스터 프로,231476874,메디큐브 부스터프로 미니 화이트,60000,0,판매중,,2026-08-22 14:54:28,https://web.joongna.com/product/231476874,,BOOSTER_PRO_MINI,text_variant,not_requested
메디큐브 부스터 프로,231733598,[미개봉 새상품] 메디큐브 에이지알 부스터 프로 핑크 에디션 + PDRN 젤 + 캡세트,200000,0,판매중,,2026-08-21 14:57:34,https://web.joongna.com/product/231733598,,BOOSTER_PRO,text_variant,not_requested
메디큐브 부스터 프로,227538651,한정판 메디큐브 에이지알 부스터프로 짱구에디션,370000,0,판매중,,2026-08-21 13:26:37,https://web.joongna.com/product/227538651,,BOOSTER_PRO,text_variant,not_requested
메디큐브 부스터 프로,230937601,메디큐브 부스터프로x2미개봉,240000,0,판매중,,2026-08-21 11:05:36,https://web.joongna.com/product/230937601,,BOOSTER_PRO,text_variant,not_requested
메디큐브 부스터 프로,231656079,메디큐브 에이지알 부스터 프로 2 핑크,230000,0,판매중,중계본동,2026-08-18 21:30:06,https://web.joongna.com/product/231656079,,BOOSTER_PRO,text_variant,not_requested
메디큐브 부스터 프로,231614398,메디큐브 에이지알 부스터 프로 미니 플러스,65000,3,판매완료,,2026-08-17 14:26:18,https://web.joongna.com/product/231614398,,BOOSTER_PRO_MINI,text_variant,not_requested
메디큐브 부스터 프로,231497353,(미개봉) 메디큐브 에이지알 부스터 프로 옐로우,150000,3,판매완료,,2026-08-17 09:19:12,https://web.joongna.com/product/231497353,,BOOSTER_PRO,text_variant,not_requested
메디큐브 부스터 프로,230507922,메디큐브 부스터프로 x2,190000,3,판매완료,,2026-08-17 03:10:15,https://web.joongna.com/product/230507922,,BOOSTER_PRO,text_variant,not_requested
메디큐브 부스터 프로,228910613,메디큐브 부스터프로,170000,0,판매중,,2026-08-16 17:13:36,https://web.joongna.com/product/228910613,,BOOSTER_PRO,text_variant,not_requested
메디큐브 부스터 프로,231387769,메디큐브 부스터프로x2미개봉,240000,3,판매완료,,2026-08-16 17:53:01,https://web.joongna.com/product/231387769,,BOOSTER_PRO,text_variant,not_requested
메디큐브 부스터 프로,230854639,메디큐브 부스터프로 미개봉 새제품,190000,0,판매중,,2026-08-16 17:13:25,https://web.joongna.com/product/230854639,,BOOSTER_PRO,text_variant,not_requested
메디큐브 부스터 프로,231591131,메디큐브 부스터프로 팔아요.,150000,0,판매중,,2026-08-16 16:37:40,https://web.joongna.com/product/231591131,,BOOSTER_PRO,text_variant,not_requested
메디큐브 부스터 프로,229870285,메디큐브 에이지알 부스터프로 핑크 풀박스,140000,0,판매중,,2026-08-15 20:19:51,https://web.joongna.com/product/229870285,,BOOSTER_PRO,text_variant,not_requested
메디큐브 부스터 프로,231403419,메디큐브 프로부스터X2 팝니다,229000,0,판매중,,2026-08-15 10:48:30,https://web.joongna.com/product/231403419,사놓고 한두번 사용 후 그대로 보관만 해놨습니다. 상태 완전 새상품이라해도 될 정도이고 메디큐브 사이트에서 36만원에 구매했습니다!! 택포로 엄청 저렴하게 올려놓으니 깔끔하게 계좌거래하실분만 연락주세용,BOOSTER_PRO,text_variant,200
메디큐브 부스터 프로,228664440,[정품/풀박스] 메디큐브 에이지알 부스터 프로 (6 in 1 토탈케어) 판매합니다.,130000,0,판매중,일운면,2026-08-15 08:33:54,https://web.joongna.com/product/228664440,,BOOSTER_PRO,text_variant,not_requested
메디큐브 부스터 프로,231552026,메디큐브 AGE-R 에이지알 부스터 프로,90853,0,판매중,,2026-08-15 00:43:00,https://web.joongna.com/product/231552026,,BOOSTER_PRO,text_variant,not_requested
메디큐브 부스터 프로,230438671,메디큐브 부스터 프로 헬로키티 에디션,160000,0,판매중,장량동,2026-08-14 18:36:15,https://web.joongna.com/product/230438671,,BOOSTER_PRO,text_variant,not_requested
메디큐브 부스터 프로,231533279,메디큐브 부스터프로 x2 미개봉,235000,3,판매완료,영종동,2026-08-14 12:27:00,https://web.joongna.com/product/231533279,,BOOSTER_PRO,text_variant,not_requested
메디큐브 부스터 프로,231529323,메디큐브 부스터프로(새상품),130000,3,판매완료,남산4동,2026-08-14 09:47:05,https://web.joongna.com/product/231529323,,BOOSTER_PRO,text_variant,not_requested
메디큐브 부스터 프로,230887366,메디큐브 부스터프로 짱구에디션 미개봉,219000,0,판매중,신장동,2026-08-13 16:17:31,https://web.joongna.com/product/230887366,,BOOSTER_PRO,text_variant,not_requested
메디큐브 부스터 프로,231381667,미개봉) 메디큐브 부스터 프로 / 노랑,140000,3,판매완료,방이1동,2026-08-13 13:20:11,https://web.joongna.com/product/231381667,,BOOSTER_PRO,text_variant,not_requested
메디큐브 부스터 프로,229291150,[메디큐브공식몰 구입]부스터프로미니 화이트색상부스터프로미니,70000,0,판매중,,2026-08-12 18:36:00,https://web.joongna.com/product/229291150,,BOOSTER_PRO_MINI,text_variant,not_requested
메디큐브 부스터 프로,231147386,메디큐브 부스터프로 풀박,140000,0,판매중,,2026-08-12 14:08:44,https://web.joongna.com/product/231147386,,BOOSTER_PRO,text_variant,not_requested
메디큐브 부스터 프로,231114250,메디큐브 에이지알 부스터 프로 블랙 (미개봉),150000,3,판매완료,,2026-08-12 12:56:04,https://web.joongna.com/product/231114250,,BOOSTER_PRO,text_variant,not_requested
메디큐브 부스터 프로,231463719,메디큐브 부스터 프로 x2 핑크,220000,3,판매완료,,2026-08-11 22:56:10,https://web.joongna.com/product/231463719,,BOOSTER_PRO,text_variant,not_requested
메디큐브 부스터 프로,230247644,(한정판) 메디큐브 에이지알 부스터프로 헬로키티 콜라보,280000,0,판매중,,2026-08-11 16:21:57,https://web.joongna.com/product/230247644,,BOOSTER_PRO,text_variant,not_requested
메디큐브 부스터 프로,231448142,메디큐브 부스터프로 쿠로미 에디션,170000,0,판매중,장안제1동,2026-08-11 14:25:00,https://web.joongna.com/product/231448142,,BOOSTER_PRO,text_variant,not_requested
메디큐브 부스터 프로,231318148,메디큐브 부스터프로 x2 팝니다,150000,3,판매완료,,2026-08-10 21:38:39,https://web.joongna.com/product/231318148,,BOOSTER_PRO,text_variant,not_requested
메디큐브 부스터 프로,230230106,메디큐브 에이지알 부스터 프로 풀박스,175000,0,판매중,,2026-08-10 00:55:51,https://web.joongna.com/product/230230106,,BOOSTER_PRO,text_variant,not_requested
메디큐브 부스터 프로,228884338,메디큐브 부스터프로x2,260000,0,판매중,,2026-08-08 13:55:37,https://web.joongna.com/product/228884338,,BOOSTER_PRO,text_variant,not_requested
메디큐브 부스터 프로,231098915,메디큐브 부스터프로 미니 핑크,50000,0,판매중,,2026-08-07 19:42:47,https://web.joongna.com/product/231098915,,BOOSTER_PRO_MINI,text_variant,not_requested
메디큐브 부스터 프로,230607773,[박스미개봉 정품]메디큐브 부스터프로 핑크에디션 새상품,219000,3,판매완료,거제면,2026-08-07 10:13:02,https://web.joongna.com/product/230607773,,BOOSTER_PRO,text_variant,not_requested
메디큐브 부스터 프로,231073700,[한정판] 부스터프로 쿠로미 AGE-R 메디큐브,190000,3,판매완료,,2026-08-06 13:13:32,https://web.joongna.com/product/231073700,,BOOSTER_PRO,text_variant,not_requested
메디큐브 부스터 프로,231299501,에이피알 메디큐브 에이지알 부스터 프로 뷰티 디바이스,100000,3,판매완료,,2026-08-06 10:09:40,https://web.joongna.com/product/231299501,,BOOSTER_PRO,text_variant,not_requested
메디큐브 부스터 프로,231288944,메디큐브 에이지알 부스터프로 블랙 3/27일 구매,150000,0,판매중,용호제3동,2026-08-05 20:55:33,https://web.joongna.com/product/231288944,,BOOSTER_PRO,text_variant,not_requested
메디큐브 부스터 프로,222992133,메디큐브 부스터프로,197000,0,판매중,,2026-08-04 08:38:41,https://web.joongna.com/product/222992133,,BOOSTER_PRO,text_variant,not_requested
메디큐브 부스터 프로,231227753,메디큐브 부스터 프로 X2,260000,3,판매완료,,2026-08-03 18:54:09,https://web.joongna.com/product/231227753,,BOOSTER_PRO,text_variant,not_requested
메디큐브 부스터 프로,230953868,메디큐브 부스터프로x2미개봉,240000,3,판매완료,,2026-08-03 18:33:19,https://web.joongna.com/product/230953868,,BOOSTER_PRO,text_variant,not_requested
메디큐브 부스터 프로,226334602,메디큐브 부스터프로(새상품),190000,0,판매중,,2026-08-02 17:59:54,https://web.joongna.com/product/226334602,,BOOSTER_PRO,text_variant,not_requested
메디큐브 부스터 프로,226269908,[풀박스]메디큐브 부스터프로+뚜껑+부스터젤,120000,0,판매중,진관동,2026-08-02 16:21:56,https://web.joongna.com/product/226269908,,BOOSTER_PRO,text_variant,not_requested
메디큐브 부스터 프로,231166030,(미개봉 새제품) 메디큐브 AGE-R 부스터 프로 블랙,160000,0,판매중,계산1동,2026-08-01 14:14:06,https://web.joongna.com/product/231166030,,BOOSTER_PRO,text_variant,not_requested
메디큐브 부스터 프로,231165903,메디큐브 부스터프로,60000,3,판매완료,,2026-08-01 14:08:31,https://web.joongna.com/product/231165903,,BOOSTER_PRO,text_variant,not_requested
메디큐브 부스터 프로,231150420,메디큐브 부스터프로,100000,0,판매중,,2026-07-31 21:30:04,https://web.joongna.com/product/231150420,,BOOSTER_PRO,text_variant,not_requested
메디큐브 부스터 프로,231115653,메디큐브 에이지알 부스터프로 쿠로미에디션,200000,3,판매완료,화정2동,2026-07-30 17:15:36,https://web.joongna.com/product/231115653,,BOOSTER_PRO,text_variant,not_requested
메디큐브 부스터 프로,231108018,메디큐브 부스터프로,95000,3,판매완료,,2026-07-30 12:56:57,https://web.joongna.com/product/231108018,,BOOSTER_PRO,text_variant,not_requested
메디큐브 부스터 프로,230480012,메디큐브 에이지알 부스터 프로(새제품),190000,0,판매중,,2026-07-29 14:49:36,https://web.joongna.com/product/230480012,,BOOSTER_PRO,text_variant,not_requested
메디큐브 부스터 프로,230169757,(S급/무배/케이스 포함) 메디큐브 부스터프로 뷰티 디바이스,99000,0,판매중,,2026-07-28 22:06:41,https://web.joongna.com/product/230169757,,BOOSTER_PRO,text_variant,not_requested
메디큐브 부스터 프로,231064388,메디큐브 부스터프로 x2 미개봉 새상품,240000,3,판매완료,,2026-07-28 21:31:35,https://web.joongna.com/product/231064388,,BOOSTER_PRO,text_variant,not_requested
메디큐브 부스터 프로,231048315,메디큐브 에이지알 부스터프로 미개봉 새제품,100000,3,판매완료,가양제1동,2026-07-28 12:35:16,https://web.joongna.com/product/231048315,,BOOSTER_PRO,text_variant,not_requested
메디큐브 부스터 프로,231010012,메디큐브 부스터프로 핑크,100000,3,판매완료,,2026-07-28 06:55:47,https://web.joongna.com/product/231010012,,BOOSTER_PRO,text_variant,not_requested
메디큐브 부스터 프로,231002417,메디큐브 부스터프로,96000,3,판매완료,,2026-07-26 21:55:35,https://web.joongna.com/product/231002417,,BOOSTER_PRO,text_variant,not_requested
메디큐브 부스터 프로,230398196,급처!) 메디큐브 부스터 진동 클렌저 (부스터프로 미니 플러스),90000,3,판매완료,,2026-07-24 23:54:15,https://web.joongna.com/product/230398196,,BOOSTER_PRO_MINI,text_variant,not_requested
메디큐브 부스터 프로,230818555,메디큐브 부스터프로 미니플러스 미개봉팝니다,72000,0,판매중,신장동,2026-07-21 06:07:21,https://web.joongna.com/product/230818555,,BOOSTER_PRO_MINI,text_variant,not_requested
메디큐브 부스터 프로,227233707,거의새것 메디큐브 에이지알 부스터 프로 헬로키티,650000,0,판매중,,2026-07-20 23:39:35,https://web.joongna.com/product/227233707,완전 새상품은 아니구요 거의 새상품 입니다 시중가 150만원 160만원대,BOOSTER_PRO,text_variant,200
메디큐브 부스터 프로,230095646,메디큐브 부스터프로 핑크,183000,0,판매중,,2026-07-20 12:55:47,https://web.joongna.com/product/230095646,,BOOSTER_PRO,text_variant,not_requested
메디큐브 부스터 프로,230765241,메디큐브 부스터 프로 한정판 헬로키티 에디션,198000,0,판매중,마두2동,2026-07-19 13:32:00,https://web.joongna.com/product/230765241,,BOOSTER_PRO,text_variant,not_requested
메디큐브 부스터 프로,227348062,거의 새것 메디큐브 에이지알 부스터 프로 쿠로미 에디션,800000,0,판매중,,2026-07-17 21:28:25,https://web.joongna.com/product/227348062,1회 사용 거의 새것,BOOSTER_PRO,text_variant,200
메디큐브 부스터 프로,227347810,미개봉 새상품 메디큐브 에이지알 부스터 프로 쿠로미 에디션,950000,0,판매중,,2026-07-17 21:28:20,https://web.joongna.com/product/227347810,국내정식발매제품 한정판 미개봉 새상품,BOOSTER_PRO,text_variant,200
메디큐브 부스터 프로,230670530,메디큐브 에이지알 부스터프로 풀박스 새제품,190000,0,판매중,태안읍,2026-07-16 11:06:10,https://web.joongna.com/product/230670530,,BOOSTER_PRO,text_variant,not_requested
메디큐브 부스터 프로,228886921,메디큐브 부스터프로 미개봉 새제품,190000,3,판매완료,,2026-07-14 08:56:09,https://web.joongna.com/product/228886921,,BOOSTER_PRO,text_variant,not_requested
메디큐브 부스터 프로,229934960,메디큐브 부스터프로,80000,3,판매완료,,2026-07-13 13:26:50,https://web.joongna.com/product/229934960,,BOOSTER_PRO,text_variant,not_requested
메디큐브 부스터 프로,230556069,메디큐브 부스터프로x2미개봉,240000,3,판매완료,,2026-07-12 18:35:44,https://web.joongna.com/product/230556069,,BOOSTER_PRO,text_variant,not_requested
메디큐브 부스터 프로,230515655,미개봉 메디큐브 부스터프로 핑크,180000,0,판매중,신정4동,2026-07-11 12:47:04,https://web.joongna.com/product/230515655,,BOOSTER_PRO,text_variant,not_requested
메디큐브 부스터 프로,230489114,메디큐브 에이지알 부스터 프로 미니 핑크,70000,3,판매완료,,2026-07-10 14:55:34,https://web.joongna.com/product/230489114,,BOOSTER_PRO_MINI,text_variant,not_requested
메디큐브 부스터 프로,230056715,(새상품) 메디큐브 부스터 프로 라벤더,150000,3,판매완료,,2026-07-09 08:42:51,https://web.joongna.com/product/230056715,,BOOSTER_PRO,text_variant,not_requested
메디큐브 부스터 프로,230446133,(새상품) 메디큐브 부스터프로x2 핑크,245000,0,판매중,,2026-07-09 08:42:37,https://web.joongna.com/product/230446133,,BOOSTER_PRO,text_variant,not_requested
메디큐브 부스터 프로,227669235,새상품) 메디큐브 에이지알 부스터프로 X2 + 세럼 증정,285000,0,판매중,논현2동,2026-07-08 19:21:45,https://web.joongna.com/product/227669235,,BOOSTER_PRO,text_variant,not_requested
메디큐브 부스터 프로,230258161,[새상품] 뷰티디바이스 메디큐브 부스터프로 짱구 한정판,170000,3,판매완료,,2026-07-08 10:07:59,https://web.joongna.com/product/230258161,,BOOSTER_PRO,text_variant,not_requested
메디큐브 부스터 프로,229549903,메디큐브 에이지알 부스터프로 쿠로미 에디션,150000,3,판매완료,,2026-07-04 10:08:25,https://web.joongna.com/product/229549903,,BOOSTER_PRO,text_variant,not_requested
메디큐브 부스터 프로,230280020,메디큐브 에이지알 부스터 프로 미니 짱구,65000,0,판매중,여의동,2026-07-03 23:51:49,https://web.joongna.com/product/230280020,,BOOSTER_PRO_MINI,text_variant,not_requested
메디큐브 부스터 프로,230220900,메디큐브 부스터프로x2미개봉,240000,3,판매완료,,2026-07-02 10:00:33,https://web.joongna.com/product/230220900,,BOOSTER_PRO,text_variant,not_requested
메디큐브 부스터 프로,230182966,메디큐브 부스터프로X2 (미개봉 새상품),270000,3,판매완료,군자동,2026-07-01 06:04:03,https://web.joongna.com/product/230182966,,BOOSTER_PRO,text_variant,not_requested
메디큐브 부스터 프로,229849748,[S급/급처] 메디큐브 에이지알 부스터 프로 블랙,125000,3,판매완료,,2026-07-01 06:37:08,https://web.joongna.com/product/229849748,,BOOSTER_PRO,text_variant,not_requested
메디큐브 부스터 프로,230138938,메디큐브 에이지알 부스터 프로 미니 클렌징기기,120000,0,판매중,묵제2동,2026-06-29 20:17:17,https://web.joongna.com/product/230138938,,BOOSTER_PRO_MINI,text_variant,not_requested
메디큐브 부스터 프로,230132785,메디큐브 에이지알 부스터프로,11111,3,판매완료,,2026-06-29 17:17:07,https://web.joongna.com/product/230132785,,BOOSTER_PRO,text_variant,not_requested
메디큐브 부스터 프로,230129425,메디큐브 부스터 프로,130000,0,판매중,,2026-06-29 15:46:09,https://web.joongna.com/product/230129425,,BOOSTER_PRO,text_variant,not_requested
메디큐브 부스터 프로,230113175,[새상품/무배] 메디큐브 부스터프로 미니 플러스 베이지,87000,3,판매완료,,2026-06-29 01:11:44,https://web.joongna.com/product/230113175,,BOOSTER_PRO_MINI,text_variant,not_requested
메디큐브 부스터 프로,230111110,메디큐브 부스터프로 26년구매제픔,100000,3,판매완료,,2026-06-28 23:29:26,https://web.joongna.com/product/230111110,,BOOSTER_PRO,text_variant,not_requested
메디큐브 부스터 프로,229174775,메디큐브 부스터프로 핑크,140000,0,판매중,,2026-06-28 17:04:31,https://web.joongna.com/product/229174775,,BOOSTER_PRO,text_variant,not_requested
메디큐브 부스터 프로,230096290,메디큐브 부스터프로,95000,3,판매완료,,2026-06-28 15:30:57,https://web.joongna.com/product/230096290,,BOOSTER_PRO,text_variant,not_requested
메디큐브 부스터 프로,230059370,메디큐브 에이지알 부스터 프로 기기,160000,0,판매중,,2026-06-27 12:59:46,https://web.joongna.com/product/230059370,,BOOSTER_PRO,text_variant,not_requested
메디큐브 부스터 프로,230047962,메디큐브 부스터 프로X2 조앤프렌즈 에디션 풀박스,280000,3,판매완료,일산동,2026-06-27 00:06:40,https://web.joongna.com/product/230047962,,BOOSTER_PRO,text_variant,not_requested
메디큐브 부스터 프로,228473679,((가격인하 안해요)) 메디큐브 에이지알 부스터 프로 핑크 풀박스,100000,3,판매완료,,2026-06-26 18:28:40,https://web.joongna.com/product/228473679,,BOOSTER_PRO,text_variant,not_requested
메디큐브 부스터 프로,230035504,메디큐브 부스터프로 핑크 풀박,190000,0,판매중,미사1동,2026-06-26 17:06:38,https://web.joongna.com/product/230035504,,BOOSTER_PRO,text_variant,not_requested
메디큐브 부스터 프로,229990878,메디큐브 부스터프로(풀박,190000,0,판매중,,2026-06-25 11:17:09,https://web.joongna.com/product/229990878,,BOOSTER_PRO,text_variant,not_requested
메디큐브 부스터 프로,229985710,메디큐브 부스터프로,140000,0,판매중,초지동,2026-06-25 07:19:52,https://web.joongna.com/product/229985710,,BOOSTER_PRO,text_variant,not_requested
메디큐브 부스터 프로,229976931,S급) 메디큐브 부스터프로 풀박 구성 택포가능,120000,3,판매완료,논현1동,2026-06-24 21:07:03,https://web.joongna.com/product/229976931,,BOOSTER_PRO,text_variant,not_requested
메디큐브 부스터 프로,229930154,메디큐브 부스터프로 짱구에디션 미개봉,210000,0,판매중,우만1동,2026-06-24 12:06:47,https://web.joongna.com/product/229930154,,BOOSTER_PRO,text_variant,not_requested
메디큐브 부스터 프로,229949471,메디큐브 에이지알 부스터 프로 옐로우 (+마스크 팩),180000,0,판매중,,2026-06-24 01:15:12,https://web.joongna.com/product/229949471,,BOOSTER_PRO,text_variant,not_requested
메디큐브 부스터 프로,229884400,메디큐브 부스터프로 핑크,130000,0,판매중,,2026-06-22 09:25:17,https://web.joongna.com/product/229884400,,BOOSTER_PRO,text_variant,not_requested
메디큐브 부스터 프로,229810649,메디큐브 부스터 프로,90000,3,판매완료,,2026-06-19 20:29:35,https://web.joongna.com/product/229810649,,BOOSTER_PRO,text_variant,not_requested
메디큐브 부스터 프로,229794910,메디큐브 에이지알 부스터 프로 블랙(드림: 혼바디 브이라인),109000,0,판매중,,2026-06-19 12:23:35,https://web.joongna.com/product/229794910,,BOOSTER_PRO,text_variant,not_requested
메디큐브 부스터 프로,228278489,(미개봉 새상품) 정품 / 메디큐브 에이지알 부스터프로 핑크,180000,3,판매완료,,2026-06-18 14:48:13,https://web.joongna.com/product/228278489,,BOOSTER_PRO,text_variant,not_requested
메디큐브 부스터 프로,226718392,[본체 미개봉 새상품] 메디큐브 에이지알 부스터 프로 헬로키티 헤드 포함,250000,0,판매중,분평동,2026-06-17 20:32:33,https://web.joongna.com/product/226718392,,BOOSTER_PRO,text_variant,not_requested
메디큐브 부스터 프로,225918891,메디큐브 에이지알 부스터 프로 옐로우에디션 미개봉새상품,220000,0,판매중,,2026-06-17 20:16:44,https://web.joongna.com/product/225918891,,BOOSTER_PRO,text_variant,not_requested
메디큐브 부스터 프로,229212088,메디큐브 에이지알 부스터 프로 쿠로미 에디션,190000,0,판매중,,2026-06-17 19:36:37,https://web.joongna.com/product/229212088,,BOOSTER_PRO,text_variant,not_requested
메디큐브 부스터 프로,229632456,메디큐브 에이지알 부스터 프로 핑크,110000,3,판매완료,,2026-06-14 14:49:44,https://web.joongna.com/product/229632456,,BOOSTER_PRO,text_variant,not_requested
메디큐브 부스터 프로,229583924,메디큐브 부스터프로 블랙,90000,3,판매완료,화원읍,2026-06-12 22:36:29,https://web.joongna.com/product/229583924,,BOOSTER_PRO,text_variant,not_requested
메디큐브 부스터 프로,227963582,메디큐브 부스터프로 미니,40000,3,판매완료,,2026-06-12 16:50:49,https://web.joongna.com/product/227963582,,BOOSTER_PRO_MINI,text_variant,not_requested
메디큐브 부스터 프로,229549075,메디큐브 부스터 프로 X2 화이트 풀박스팝니다,230000,3,판매완료,상남동,2026-06-11 21:31:29,https://web.joongna.com/product/229549075,,BOOSTER_PRO,text_variant,not_requested
메디큐브 부스터 프로,229407421,"[미개봉/새상품] 메디큐브 에이지알 부스터프로, 히알루로닉 펩타이드 세럼",200000,0,판매중,,2026-06-10 14:56:03,https://web.joongna.com/product/229407421,,BOOSTER_PRO,text_variant,not_requested
메디큐브 부스터 프로,229495013,메디큐브 에이지알 부스터 프로 블랙,120000,0,판매중,,2026-06-10 12:14:06,https://web.joongna.com/product/229495013,,BOOSTER_PRO,text_variant,not_requested
메디큐브 부스터 프로,229459239,메디큐브 에이지알 부스터 프로 쿠로미 에디션,120000,3,판매완료,상남동,2026-06-09 12:05:31,https://web.joongna.com/product/229459239,,BOOSTER_PRO,text_variant,not_requested
메디큐브 부스터 프로,229382244,메디큐브 부스터 프로 미니 플러스 진동 클렌저,100000,3,판매완료,신도림동,2026-06-06 23:27:02,https://web.joongna.com/product/229382244,,BOOSTER_PRO_MINI,text_variant,not_requested
메디큐브 부스터 프로,229294044,메디큐브 에이지알부스터프로,90000,3,판매완료,,2026-06-06 11:50:34,https://web.joongna.com/product/229294044,,BOOSTER_PRO,text_variant,not_requested
메디큐브 부스터 프로,228814781,메디큐브 에이지알 부스터프로 미니 초음파 ldm,30100,1,예약중,자양제3동,2026-06-04 17:26:58,https://web.joongna.com/product/228814781,,BOOSTER_PRO_MINI,text_variant,not_requested
메디큐브 부스터 프로,229301845,메디큐브 AGE-R 부스터 프로 블랙 풀박스,130000,0,판매중,,2026-06-04 16:05:32,https://web.joongna.com/product/229301845,,BOOSTER_PRO,text_variant,not_requested
메디큐브 부스터 프로,229223666,메디큐브 부스터프로 마이멜로디 에디션 미개봉,340000,3,판매완료,가산동,2026-06-04 10:06:56,https://web.joongna.com/product/229223666,,BOOSTER_PRO,text_variant,not_requested
메디큐브 부스터 프로,229088219,메디큐브 에이지알 부스터 프로 헬로키티 에디션,220000,3,판매완료,화곡제1동,2026-06-03 17:47:52,https://web.joongna.com/product/229088219,,BOOSTER_PRO,text_variant,not_requested
메디큐브 부스터 프로,229253091,메디큐브 부스터 프로 핑크,120000,3,판매완료,매탄3동,2026-06-03 02:51:32,https://web.joongna.com/product/229253091,,BOOSTER_PRO,text_variant,not_requested
메디큐브 부스터 프로,229248677,메디큐브 부스터프로 미니플러스,100000,0,판매중,,2026-06-02 22:36:10,https://web.joongna.com/product/229248677,,BOOSTER_PRO_MINI,text_variant,not_requested
메디큐브 부스터 프로,229246150,메디큐브 에이지알 부스터 프로 블랙 풀박스,140000,0,판매중,백현동,2026-06-02 21:17:28,https://web.joongna.com/product/229246150,,BOOSTER_PRO,text_variant,not_requested
메디큐브 부스터 프로,229237423,메디큐브 부스터프로 미니 플러스 짱구,65000,3,판매완료,,2026-06-02 17:02:33,https://web.joongna.com/product/229237423,,BOOSTER_PRO_MINI,text_variant,not_requested
메디큐브 부스터 프로,229211833,메디큐브 에이지알 부스터 프로 짱구 에디션,200000,0,판매중,진안동,2026-06-01 21:17:08,https://web.joongna.com/product/229211833,,BOOSTER_PRO,text_variant,not_requested
메디큐브 부스터 프로,227719670,메디큐브 부스터프로 X2 핑크 미개봉 새상품,300000,0,판매중,잠실7동,2026-05-31 20:45:34,https://web.joongna.com/product/227719670,,BOOSTER_PRO,text_variant,not_requested
메디큐브 부스터 프로,229120594,메디큐브부스터프로 미니플러스+진동클렌저,80000,3,판매완료,,2026-05-31 12:22:36,https://web.joongna.com/product/229120594,,BOOSTER_PRO_MINI,text_variant,not_requested
메디큐브 부스터 프로,229124424,(미개봉)메디큐브 신상 부스터프로x2 앰플포함,280000,3,판매완료,,2026-05-31 10:38:25,https://web.joongna.com/product/229124424,,BOOSTER_PRO,text_variant,not_requested
메디큐브 부스터 프로,229137807,메디큐브 에이지알 부스터프로 잔망루피 에디션,140000,3,판매완료,잠실4동,2026-05-30 16:59:14,https://web.joongna.com/product/229137807,,BOOSTER_PRO,text_variant,not_requested
메디큐브 부스터 프로,227193240,메디큐브 부스터프로,200000,0,판매중,취암동,2026-05-29 14:53:48,https://web.joongna.com/product/227193240,,BOOSTER_PRO,text_variant,not_requested
메디큐브 부스터 프로,229072256,메디큐브 부스터프로X2,100000,3,판매완료,,2026-05-28 17:45:25,https://web.joongna.com/product/229072256,,BOOSTER_PRO,text_variant,not_requested
메디큐브 부스터 프로,229049658,[새상품/무배] 메디큐브 부스터 프로 X2 화이트,280000,3,판매완료,,2026-05-27 23:59:53,https://web.joongna.com/product/229049658,,BOOSTER_PRO,text_variant,not_requested
메디큐브 부스터 프로,229042154,[새상품/무배] 메디큐브 부스터 프로 X2 핑크,280000,3,판매완료,,2026-05-27 20:11:51,https://web.joongna.com/product/229042154,,BOOSTER_PRO,text_variant,not_requested
메디큐브 부스터 프로,229022083,메디큐브 부스터프로,110000,3,판매완료,미사2동,2026-05-27 10:51:31,https://web.joongna.com/product/229022083,,BOOSTER_PRO,text_variant,not_requested
메디큐브 부스터 프로,225738874,메디큐브 에이지알 부스터 프로,220000,0,판매중,,2026-05-25 04:21:39,https://web.joongna.com/product/225738874,,BOOSTER_PRO,text_variant,not_requested
메디큐브 부스터 프로,228845333,메디큐브 헬로키티 부스터프로,150000,3,판매완료,,2026-05-24 00:29:16,https://web.joongna.com/product/228845333,,BOOSTER_PRO,text_variant,not_requested
메디큐브 부스터 프로,228848804,메디큐브 에이지알 부스터 프로 미니플러스 진동 클렌저,105000,0,판매중,아라동,2026-05-21 23:29:14,https://web.joongna.com/product/228848804,,BOOSTER_PRO_MINI,text_variant,not_requested
메디큐브 부스터 프로,228833232,메디큐브 부스터프로 2,270000,0,판매중,,2026-05-21 15:49:57,https://web.joongna.com/product/228833232,,BOOSTER_PRO,text_variant,not_requested
메디큐브 부스터 프로,228813940,메디큐브 에이지알 부스터 프로 미니 (카카오 프렌즈 춘식이 버전),55000,3,판매완료,호원1동,2026-05-20 23:28:27,https://web.joongna.com/product/228813940,,BOOSTER_PRO_MINI,text_variant,not_requested
메디큐브 부스터 프로,228376839,메디큐브 에이지알 부스터 프로 X2 핑크 본품+세럼 판매합니다,280000,3,판매완료,배방읍,2026-05-20 13:45:46,https://web.joongna.com/product/228376839,,BOOSTER_PRO,text_variant,not_requested
메디큐브 부스터 프로,226796589,메디큐브 부스터프로,140000,0,판매중,,2026-05-18 19:44:13,https://web.joongna.com/product/226796589,,BOOSTER_PRO,text_variant,not_requested
메디큐브 부스터 프로,228684570,메디큐브 부스터프로 미니플러스,50000,3,판매완료,,2026-05-17 10:50:04,https://web.joongna.com/product/228684570,,BOOSTER_PRO_MINI,text_variant,not_requested
메디큐브 부스터 프로,228678008,메디큐브 에이지알 부스터 프로 풀박스(1회 5분 사용) + 파우치 드림,130000,3,판매완료,매교동,2026-05-17 00:54:50,https://web.joongna.com/product/228678008,,BOOSTER_PRO,text_variant,not_requested
메디큐브 부스터 프로,228668888,메디큐브 부스터프로,160000,0,판매중,,2026-05-16 19:29:10,https://web.joongna.com/product/228668888,,BOOSTER_PRO,text_variant,not_requested
메디큐브 부스터 프로,228602082,메디큐브 부스터 프로 블랙,90000,3,판매완료,청담동,2026-05-16 11:22:20,https://web.joongna.com/product/228602082,,BOOSTER_PRO,text_variant,not_requested
메디큐브 부스터 프로,227851478,메디큐브 부스터프로 디바이스,130000,3,판매완료,,2026-05-14 16:17:21,https://web.joongna.com/product/227851478,,BOOSTER_PRO,text_variant,not_requested
메디큐브 부스터 프로,228350266,미개봉) 메디큐브 에이지알 부스터 프로,180000,3,판매완료,오류제1동,2026-05-14 09:04:16,https://web.joongna.com/product/228350266,,BOOSTER_PRO,text_variant,not_requested
메디큐브 부스터 프로,228558496,새상품 메디큐브 에이지알 부스터 프로 미니 핑크,50000,3,판매완료,성안동,2026-05-13 16:42:38,https://web.joongna.com/product/228558496,,BOOSTER_PRO_MINI,text_variant,not_requested
메디큐브 부스터 프로,226694079,메디큐브 에이지알 부스터 프로 짱구애디션,200000,0,판매중,농성1동,2026-05-11 19:20:40,https://web.joongna.com/product/226694079,,BOOSTER_PRO,text_variant,not_requested
메디큐브 부스터 프로,228165743,[미개봉 새상품] 메디큐브 부스터프로 핑크 + 팩4장,179000,3,판매완료,화곡본동,2026-05-11 10:25:04,https://web.joongna.com/product/228165743,,BOOSTER_PRO,text_variant,not_requested
메디큐브 부스터 프로,227818551,메디큐브 에이지알 부스터 프로 헬로키티 에디션,500000,0,판매중,,2026-05-10 19:24:51,https://web.joongna.com/product/227818551,몇 번 안써서 거의 새 제품이구 작동 잘 됩니당 소독티슈 제외 풀박스예용,BOOSTER_PRO,text_variant,200
메디큐브 부스터 프로,226635419,메디큐브 에이지알 부스터 프로 미용기기 (블랙 색상),120000,0,판매중,,2026-05-10 16:05:35,https://web.joongna.com/product/226635419,,BOOSTER_PRO,text_variant,not_requested
메디큐브 부스터 프로,228447841,메디큐브 에이지알 부스터 프로 블랙,140000,0,판매중,대학동,2026-05-10 16:03:01,https://web.joongna.com/product/228447841,,BOOSTER_PRO,text_variant,not_requested
메디큐브 부스터 프로,228447865,메디큐브 부스터 프로 미니 카카오프렌즈 춘식이 에디션,52000,3,판매완료,대학동,2026-05-10 16:03:47,https://web.joongna.com/product/228447865,,BOOSTER_PRO_MINI,text_variant,not_requested
메디큐브 부스터 프로,226807876,메디큐브 에이지알 AGE-R 부스터프로 라벤더 에디션 풀박스,130000,3,판매완료,,2026-05-10 06:11:49,https://web.joongna.com/product/226807876,,BOOSTER_PRO,text_variant,not_requested
메디큐브 부스터 프로,228423355,(택포) 메디큐브 에이지알 부스터프로 미니 플러스 새상품,85000,3,판매완료,,2026-05-09 20:13:29,https://web.joongna.com/product/228423355,,BOOSTER_PRO_MINI,text_variant,not_requested
메디큐브 부스터 프로,227577226,메디큐브 부스터프로 퍼플 + 쿠로미 헤드,150000,3,판매완료,천호제3동,2026-05-09 19:43:56,https://web.joongna.com/product/227577226,,BOOSTER_PRO,text_variant,not_requested
메디큐브 부스터 프로,227709956,메디큐브 부스터프로 미니 플러스 클렌징 헤드 핑크,39000,3,판매완료,면목제2동,2026-05-07 22:37:54,https://web.joongna.com/product/227709956,,BOOSTER_PRO_MINI,text_variant,not_requested
메디큐브 부스터 프로,228355235,메디큐브 부스터프로,130000,0,판매중,,2026-05-07 20:47:38,https://web.joongna.com/product/228355235,,BOOSTER_PRO,text_variant,not_requested
메디큐브 부스터 프로,228289635,메디큐브 부스터프로미니,70000,0,판매중,동백1동,2026-05-06 01:15:44,https://web.joongna.com/product/228289635,,BOOSTER_PRO_MINI,text_variant,not_requested
메디큐브 부스터 프로,228288286,메디큐브 에이지알 부스터프로 블랙 팝니다.,120000,3,판매완료,청파동,2026-05-05 23:40:16,https://web.joongna.com/product/228288286,,BOOSTER_PRO,text_variant,not_requested
메디큐브 부스터 프로,227995588,메디큐브 에이지알 부스터프로 판매,110000,3,판매완료,,2026-05-04 17:35:39,https://web.joongna.com/product/227995588,,BOOSTER_PRO,text_variant,not_requested
메디큐브 부스터 프로,228237738,메디큐브 에이지알 부스터 프로 미니 핑크,90000,0,판매중,,2026-05-04 16:26:16,https://web.joongna.com/product/228237738,,BOOSTER_PRO_MINI,text_variant,not_requested
메디큐브 부스터 프로,227523115,메디큐브 에이지알 부스터프로 한정판 짱구 에디션 미개봉 새제품,220000,3,판매완료,,2026-05-04 09:34:14,https://web.joongna.com/product/227523115,,BOOSTER_PRO,text_variant,not_requested
메디큐브 부스터 프로,228220150,메디큐브 에이지알 부스터프로 풀셋+전용앰플,105000,3,판매완료,,2026-05-04 06:55:52,https://web.joongna.com/product/228220150,,BOOSTER_PRO,text_variant,not_requested
메디큐브 부스터 프로,228214642,메디큐브 에이지알 부스터프로,120000,0,판매중,의령읍,2026-05-03 23:03:48,https://web.joongna.com/product/228214642,,BOOSTER_PRO,text_variant,not_requested
메디큐브 부스터 프로,228175977,메디큐브 에이지알 부스터프로,130000,3,판매완료,장전제1동,2026-05-03 16:31:58,https://web.joongna.com/product/228175977,,BOOSTER_PRO,text_variant,not_requested
메디큐브 부스터 프로,228142985,[미개봉 새상품] 메디큐브 부스터프로 핑크,179000,3,판매완료,화곡본동,2026-05-02 03:36:02,https://web.joongna.com/product/228142985,,BOOSTER_PRO,text_variant,not_requested
메디큐브 부스터 프로,227786233,메디큐브 에이지알 부스터 프로 블랙 판매합니다,120000,3,판매완료,,2026-05-01 06:47:29,https://web.joongna.com/product/227786233,,BOOSTER_PRO,text_variant,not_requested
메디큐브 부스터 프로,227860920,메디큐브 에이지알 부스터프로 미개봉 새상품,170000,3,판매완료,송산2동,2026-04-30 21:49:54,https://web.joongna.com/product/227860920,,BOOSTER_PRO,text_variant,not_requested
메디큐브 부스터 프로,227976132,메디큐브 부스터프로 AGE-R,120000,3,판매완료,,2026-04-30 18:09:43,https://web.joongna.com/product/227976132,,BOOSTER_PRO,text_variant,not_requested
메디큐브 부스터 프로,228018118,메디큐브 에이지알 부스터 프로 핑크에디션,140000,3,판매완료,,2026-04-30 14:23:01,https://web.joongna.com/product/228018118,,BOOSTER_PRO,text_variant,not_requested
메디큐브 부스터 프로,228023523,메디큐브 부스터프로 미개봉 새제품 블랙색상,175000,3,판매완료,,2026-04-28 16:07:01,https://web.joongna.com/product/228023523,,BOOSTER_PRO,text_variant,not_requested
메디큐브 부스터 프로,228021150,미개봉) 메디큐브 부스터 프로 미니 플러스 짱구에디션,95000,3,판매완료,범안동,2026-04-28 15:08:15,https://web.joongna.com/product/228021150,,BOOSTER_PRO_MINI,text_variant,not_requested
메디큐브 부스터 프로,227970884,메디큐브 에이지알 부스터 프로 미개봉,200000,3,판매완료,,2026-04-28 09:11:40,https://web.joongna.com/product/227970884,,BOOSTER_PRO,text_variant,not_requested
메디큐브 부스터 프로,224879247,[새상품]메디큐브 에이지알 부스터프로+메디큐브 쿨링 마스크팩 4,210000,3,판매완료,월피동,2026-04-26 13:28:50,https://web.joongna.com/product/224879247,,BOOSTER_PRO,text_variant,not_requested
메디큐브 부스터 프로,227930788,메디큐브 에이지알 부스터프로 마이멜로디 에디션,270000,1,예약중,세곡동,2026-04-26 00:51:07,https://web.joongna.com/product/227930788,,BOOSTER_PRO,text_variant,not_requested
메디큐브 부스터 프로,227883604,메디큐브 에이지알 부스터프로 x2 + 크림,270000,3,판매완료,귀인동,2026-04-25 00:41:31,https://web.joongna.com/product/227883604,,BOOSTER_PRO,text_variant,not_requested
메디큐브 부스터 프로,227775364,메디큐브 부스터 프로 블랙 !,135000,3,판매완료,미사1동,2026-04-23 21:42:43,https://web.joongna.com/product/227775364,,BOOSTER_PRO,text_variant,not_requested
메디큐브 부스터 프로,227846506,메디큐브 에이지알 부스터 프로 미니 핑크,55000,0,판매중,,2026-04-23 18:23:26,https://web.joongna.com/product/227846506,,BOOSTER_PRO_MINI,text_variant,not_requested
메디큐브 부스터 프로,227843256,메디큐브 에이지알 부스터프로 X2 미개봉 + 수분크림,280000,3,판매완료,율천동,2026-04-23 17:02:14,https://web.joongna.com/product/227843256,,BOOSTER_PRO,text_variant,not_requested
메디큐브 부스터 프로,227403868,메디큐브 AGE-R 부스터 프로 핑크에디션 풀박 정품 + 헤드캡 + Pdrn 앰플,135000,3,판매완료,용호제1동,2026-04-22 00:14:20,https://web.joongna.com/product/227403868,,BOOSTER_PRO,text_variant,not_requested
메디큐브 부스터 프로,227715391,메디큐브 부스터프로 핑크 미개봉 새상품,170000,3,판매완료,,2026-04-20 12:17:48,https://web.joongna.com/product/227715391,,BOOSTER_PRO,text_variant,not_requested
메디큐브 부스터 프로,227709978,메디큐브 부스터프로 미니 플러스 핑크,82000,3,판매완료,면목제2동,2026-04-20 09:51:56,https://web.joongna.com/product/227709978,,BOOSTER_PRO_MINI,text_variant,not_requested
메디큐브 부스터 프로,227702666,메디큐브 부스터 프로,100000,3,판매완료,,2026-04-19 23:42:59,https://web.joongna.com/product/227702666,,BOOSTER_PRO,text_variant,not_requested
메디큐브 부스터 프로,226953273,메디큐브 부스터프로 미개봉 새제품,190000,3,판매완료,,2026-04-18 08:04:48,https://web.joongna.com/product/226953273,,BOOSTER_PRO,text_variant,not_requested
메디큐브 부스터 프로,227582700,메디큐브 에이지알 부스터프로 테스트만해봄,130000,3,판매완료,부림동,2026-04-16 18:12:05,https://web.joongna.com/product/227582700,,BOOSTER_PRO,text_variant,not_requested
메디큐브 부스터 프로,227573079,메디큐브 에이지알 부스터프로 (풀박),100000,3,판매완료,,2026-04-16 13:55:46,https://web.joongna.com/product/227573079,,BOOSTER_PRO,text_variant,not_requested
메디큐브 부스터 프로,227560013,메디큐브 부스터프로 x2,230000,3,판매완료,,2026-04-16 06:41:00,https://web.joongna.com/product/227560013,,BOOSTER_PRO,text_variant,not_requested
메디큐브 부스터 프로,227521156,메디큐브 부스터프로 미니 플러스 짱구 미개봉 새제품,87000,3,판매완료,,2026-04-15 07:26:26,https://web.joongna.com/product/227521156,,BOOSTER_PRO_MINI,text_variant,not_requested
메디큐브 부스터 프로,226624621,(미사용) 메디큐브 에이지알 부스터 프로 블랙,175000,3,판매완료,갈현동,2026-04-11 18:28:48,https://web.joongna.com/product/226624621,,BOOSTER_PRO,text_variant,not_requested
메디큐브 부스터 프로,227332535,메디큐브 부스터프로,100000,3,판매완료,,2026-04-10 09:40:47,https://web.joongna.com/product/227332535,,BOOSTER_PRO,text_variant,not_requested
메디큐브 부스터 프로,226496603,메디큐브 부스터프로,160000,0,판매중,,2026-04-10 02:25:01,https://web.joongna.com/product/226496603,,BOOSTER_PRO,text_variant,not_requested
메디큐브 부스터 프로,226615592,메디큐브 부스터프로 퍼플색상 미개봉 세상품 및 헤드 팔아요,210000,3,판매완료,,2026-04-09 17:32:09,https://web.joongna.com/product/226615592,,BOOSTER_PRO,text_variant,not_requested
메디큐브 부스터 프로,226615550,메디큐브 부스터프로 핑크 미개봉 새상품 팝니다,205000,3,판매완료,,2026-04-09 17:32:05,https://web.joongna.com/product/226615550,,BOOSTER_PRO,text_variant,not_requested
메디큐브 부스터 프로,227159520,메디큐브 부스터프로 스페셜에디션 팔아요,235000,3,판매완료,,2026-04-09 17:32:00,https://web.joongna.com/product/227159520,,BOOSTER_PRO,text_variant,not_requested
메디큐브 부스터 프로,227298060,메디큐브 부스터프로 새상품 (26.04.01배송받음),190000,3,판매완료,,2026-04-09 11:58:33,https://web.joongna.com/product/227298060,,BOOSTER_PRO,text_variant,not_requested
메디큐브 부스터 프로,227216818,메디큐브 부스터프로X2 화이트,270000,3,판매완료,신당동,2026-04-07 11:17:30,https://web.joongna.com/product/227216818,,BOOSTER_PRO,text_variant,not_requested
메디큐브 부스터 프로,227187240,메디큐브 부스터프로,100000,3,판매완료,영등포동,2026-04-06 15:56:06,https://web.joongna.com/product/227187240,,BOOSTER_PRO,text_variant,not_requested
메디큐브 부스터 프로,227151332,메디큐브 부스터프로미니,35000,3,판매완료,,2026-04-05 16:44:54,https://web.joongna.com/product/227151332,,BOOSTER_PRO_MINI,text_variant,not_requested
메디큐브 부스터 프로,227107273,메디큐브 에이지알 부스터프로 X2,270000,3,판매완료,,2026-04-04 12:57:20,https://web.joongna.com/product/227107273,,BOOSTER_PRO,text_variant,not_requested
메디큐브 부스터 프로,227032783,[정품] 메디큐브 부스터프로 블랙,110000,3,판매완료,,2026-04-03 18:16:13,https://web.joongna.com/product/227032783,,BOOSTER_PRO,text_variant,not_requested
메디큐브 부스터 프로,226946097,메디큐브 에이지알 부스터프로,159000,3,판매완료,,2026-04-02 12:10:42,https://web.joongna.com/product/226946097,,BOOSTER_PRO,text_variant,not_requested
메디큐브 부스터 프로,227018140,메디큐브 에이지알 부스터프로,160000,0,판매중,신월6동,2026-04-02 01:35:23,https://web.joongna.com/product/227018140,,BOOSTER_PRO,text_variant,not_requested
메디큐브 부스터 프로,226490583,메디큐브 부스터프로 미개봉 새제품,190000,3,판매완료,,2026-03-31 14:36:53,https://web.joongna.com/product/226490583,,BOOSTER_PRO,text_variant,not_requested
메디큐브 부스터 프로,226879906,메디큐브 부스터프로x2 화이트,270000,3,판매완료,,2026-03-30 09:06:29,https://web.joongna.com/product/226879906,,BOOSTER_PRO,text_variant,not_requested
메디큐브 부스터 프로,226779410,메디큐브 에이지알 부스터 프로 짱구 에디션 풀박스,250000,0,판매중,,2026-03-26 21:51:48,https://web.joongna.com/product/226779410,,BOOSTER_PRO,text_variant,not_requested
메디큐브 부스터 프로,225327652,메디큐브 부스터 프로(핑크)(블랙),160000,0,판매중,,2026-03-26 17:37:34,https://web.joongna.com/product/225327652,,BOOSTER_PRO,text_variant,not_requested
메디큐브 부스터 프로,226756956,메디큐브 부스터프로 쿠로미 에디션,230000,3,판매완료,안암동,2026-03-26 12:25:57,https://web.joongna.com/product/226756956,,BOOSTER_PRO,text_variant,not_requested
메디큐브 부스터 프로,226739994,메디큐브 에이지알 부스터 프로 블랙+글루타치온앰플2개,135000,3,판매완료,,2026-03-25 22:08:24,https://web.joongna.com/product/226739994,,BOOSTER_PRO,text_variant,not_requested
메디큐브 부스터 프로,226492960,메디큐브 부스터프로,125000,3,판매완료,,2026-03-25 10:29:07,https://web.joongna.com/product/226492960,,BOOSTER_PRO,text_variant,not_requested
메디큐브 부스터 프로,226305542,메디큐브 부스터프로 핑크 새상품,200000,0,판매중,,2026-03-24 22:50:10,https://web.joongna.com/product/226305542,,BOOSTER_PRO,text_variant,not_requested
메디큐브 부스터 프로,226669763,메디큐브 부스터프로블랙(새상품),195000,3,판매완료,,2026-03-24 09:43:38,https://web.joongna.com/product/226669763,,BOOSTER_PRO,text_variant,not_requested
메디큐브 부스터 프로,226584855,메디큐브 에이지알 부스터프로,195000,0,판매중,,2026-03-22 00:23:15,https://web.joongna.com/product/226584855,,BOOSTER_PRO,text_variant,not_requested
메디큐브 부스터 프로,225807426,메디큐브 에이지알 부스터 프로 미니 플러스 핑크,105000,3,판매완료,향남읍,2026-03-20 17:53:44,https://web.joongna.com/product/225807426,,BOOSTER_PRO_MINI,text_variant,not_requested
메디큐브 부스터 프로,226518689,메디큐브 부스터프로 미니(화이트),66800,3,판매완료,동인천동,2026-03-20 11:21:30,https://web.joongna.com/product/226518689,,BOOSTER_PRO_MINI,text_variant,not_requested
메디큐브 부스터 프로,226488147,메디큐브 부스터프로,130000,3,판매완료,,2026-03-19 14:54:06,https://web.joongna.com/product/226488147,,BOOSTER_PRO,text_variant,not_requested
메디큐브 부스터 프로,225382243,메디큐브 부스터프로 미개봉 새제품,190000,3,판매완료,,2026-03-19 07:50:22,https://web.joongna.com/product/225382243,,BOOSTER_PRO,text_variant,not_requested
메디큐브 부스터 프로,226382134,메디큐브 에이지알 부스터 프로 블랙 풀박스 새상품급,170000,3,판매완료,,2026-03-18 07:25:34,https://web.joongna.com/product/226382134,,BOOSTER_PRO,text_variant,not_requested
메디큐브 부스터 프로,226350838,메디큐브 부스터프로 스페셜에디션,150000,3,판매완료,,2026-03-17 22:52:46,https://web.joongna.com/product/226350838,,BOOSTER_PRO,text_variant,not_requested
메디큐브 부스터 프로,226412714,메디큐브 부스터프로 풀박스,135000,3,판매완료,,2026-03-17 17:07:59,https://web.joongna.com/product/226412714,,BOOSTER_PRO,text_variant,not_requested
메디큐브 부스터 프로,226193198,메디큐브 에이지알 부스터프로,140000,3,판매완료,,2026-03-16 14:58:50,https://web.joongna.com/product/226193198,,BOOSTER_PRO,text_variant,not_requested
메디큐브 부스터 프로,226356886,메디큐브 에이지알 부스터 프로 풀박스,135000,3,판매완료,,2026-03-16 10:51:11,https://web.joongna.com/product/226356886,,BOOSTER_PRO,text_variant,not_requested
메디큐브 부스터 프로,226204768,메디큐브 EMS 부스터프로,130000,0,판매중,원평동,2026-03-12 10:48:51,https://web.joongna.com/product/226204768,,BOOSTER_PRO,text_variant,not_requested
메디큐브 부스터 프로,223583524,메디큐브 부스터프로 풀박스 퍼플,150000,3,판매완료,성남동,2026-03-09 19:43:26,https://web.joongna.com/product/223583524,,BOOSTER_PRO,text_variant,not_requested
메디큐브 부스터 프로,225285963,메디큐브 부스터 프로 미니,50000,3,판매완료,,2026-03-09 17:13:36,https://web.joongna.com/product/225285963,,BOOSTER_PRO_MINI,text_variant,not_requested
메디큐브 부스터 프로,226098250,[새상품/무배] 메디큐브 부스터프로 미니 플러스 핑크,98000,3,판매완료,,2026-03-09 16:46:32,https://web.joongna.com/product/226098250,,BOOSTER_PRO_MINI,text_variant,not_requested
메디큐브 부스터 프로,226031256,메디큐브 에이지알 부스터 프로 미용기기,175000,0,판매중,갈현동,2026-03-07 21:41:11,https://web.joongna.com/product/226031256,,BOOSTER_PRO,text_variant,not_requested
메디큐브 부스터 프로,225953809,메디큐브 에이지알 부스터 프로,150000,3,판매완료,,2026-03-05 20:48:12,https://web.joongna.com/product/225953809,,BOOSTER_PRO,text_variant,not_requested
메디큐브 부스터 프로,225740437,메디큐브 에이지알 부스터프로 블랙 핑크 미개봉,190000,0,판매중,조원1동,2026-03-05 16:48:19,https://web.joongna.com/product/225740437,,BOOSTER_PRO,text_variant,not_requested
메디큐브 부스터 프로,212452294,메디큐브 부스터프로,185000,0,판매중,화곡제1동,2026-03-05 05:42:21,https://web.joongna.com/product/212452294,,BOOSTER_PRO,text_variant,not_requested
메디큐브 부스터 프로,225884075,메디큐브 에이지알 부스터프로 미니플러스 짱구에디션,70000,3,판매완료,문화동,2026-03-04 00:08:14,https://web.joongna.com/product/225884075,,BOOSTER_PRO_MINI,text_variant,not_requested
메디큐브 부스터 프로,225871134,메디큐브 부스터프로 핑크 박스만 뜯은 새상품,180000,3,판매완료,동탄3동,2026-03-03 18:09:41,https://web.joongna.com/product/225871134,,BOOSTER_PRO,text_variant,not_requested
메디큐브 부스터 프로,225762233,메디큐브 에이지알 부스터프로 미개봉 새제품,230000,0,판매중,,2026-02-28 19:14:20,https://web.joongna.com/product/225762233,,BOOSTER_PRO,text_variant,not_requested
메디큐브 부스터 프로,222787455,메디큐브 에이지알 부스터프로,200000,3,판매완료,,2026-02-27 15:38:24,https://web.joongna.com/product/222787455,,BOOSTER_PRO,text_variant,not_requested
메디큐브 부스터 프로,225718744,메디큐브 부스터프로 팝니다,145000,3,판매완료,,2026-02-27 15:49:19,https://web.joongna.com/product/225718744,,BOOSTER_PRO,text_variant,not_requested
메디큐브 부스터 프로,224646227,메디큐브 에이지알 부스터프로 한정판 헬로키티 에디션,320000,3,판매완료,,2026-02-27 05:26:21,https://web.joongna.com/product/224646227,,BOOSTER_PRO,text_variant,not_requested
메디큐브 부스터 프로,225640071,메디큐브 부스터 프로 미용기기,189000,0,판매중,정관읍,2026-02-25 14:41:02,https://web.joongna.com/product/225640071,,BOOSTER_PRO,text_variant,not_requested
메디큐브 부스터 프로,225630404,메디큐브 부스터프로,200000,3,판매완료,,2026-02-25 10:24:56,https://web.joongna.com/product/225630404,,BOOSTER_PRO,text_variant,not_requested
메디큐브 부스터 프로,224766820,페이셜 스킨케어 디바이스 메디큐브 해피로지 부스터프로,120000,0,판매중,,2026-02-24 23:56:00,https://web.joongna.com/product/224766820,,BOOSTER_PRO,text_variant,not_requested
메디큐브 부스터 프로,225604561,메디큐브 부스터프로,160000,3,판매완료,노량진제1동,2026-02-24 16:09:46,https://web.joongna.com/product/225604561,,BOOSTER_PRO,text_variant,not_requested
메디큐브 부스터 프로,224863800,메디큐브 에이지알 부스터프로 s급 팝니다,170000,0,판매중,신현동,2026-02-24 12:35:51,https://web.joongna.com/product/224863800,,BOOSTER_PRO,text_variant,not_requested
메디큐브 부스터 프로,225540450,메디큐브 부스터 프로,210000,0,판매중,고덕제1동,2026-02-22 21:49:41,https://web.joongna.com/product/225540450,,BOOSTER_PRO,text_variant,not_requested
메디큐브 부스터 프로,225033819,메디큐브 부스터프로,190000,0,판매중,,2026-02-22 17:05:27,https://web.joongna.com/product/225033819,,BOOSTER_PRO,text_variant,not_requested
메디큐브 부스터 프로,225527301,메디큐브 부스터프로 옐로우,150000,3,판매완료,서구동,2026-02-22 16:05:46,https://web.joongna.com/product/225527301,,BOOSTER_PRO,text_variant,not_requested
메디큐브 부스터 프로,221895865,에이지알 메디큐브 부스터프로 미니,90000,0,판매중,,2026-02-22 12:00:13,https://web.joongna.com/product/221895865,,BOOSTER_PRO_MINI,text_variant,not_requested
메디큐브 부스터 프로,225437551,메디큐브 부스터프로(뷰티디바이스),180000,3,판매완료,,2026-02-22 08:04:42,https://web.joongna.com/product/225437551,,BOOSTER_PRO,text_variant,not_requested
메디큐브 부스터 프로,225432297,메디큐브 부스터프로 (무료배송),140000,3,판매완료,,2026-02-21 20:07:20,https://web.joongna.com/product/225432297,,BOOSTER_PRO,text_variant,not_requested
메디큐브 부스터 프로,225400114,메디큐브 부스터 프로 미니 화이트,70000,0,판매중,,2026-02-19 08:05:47,https://web.joongna.com/product/225400114,,BOOSTER_PRO_MINI,text_variant,not_requested
메디큐브 부스터 프로,225387342,메디큐브 AGE-R 부스터 프로 블랙,180000,3,판매완료,가락1동,2026-02-18 19:33:48,https://web.joongna.com/product/225387342,,BOOSTER_PRO,text_variant,not_requested
메디큐브 부스터 프로,225335639,메디큐브 부스터프로 미사용새제품,111111,3,판매완료,,2026-02-18 18:51:07,https://web.joongna.com/product/225335639,,BOOSTER_PRO,text_variant,not_requested
메디큐브 부스터 프로,225380903,메디큐브 부스터프로 미개봉 새제품,190000,3,판매완료,,2026-02-18 16:33:45,https://web.joongna.com/product/225380903,,BOOSTER_PRO,text_variant,not_requested
메디큐브 부스터 프로,225078723,메디큐브 에이지알 부스터프로(미개봉 새상품),190000,3,판매완료,,2026-02-17 20:13:02,https://web.joongna.com/product/225078723,,BOOSTER_PRO,text_variant,not_requested
메디큐브 부스터 프로,225279280,메디큐브 에이지알 부스터 프로 단순개봉 미사용,111111,3,판매완료,,2026-02-17 14:16:17,https://web.joongna.com/product/225279280,,BOOSTER_PRO,text_variant,not_requested
메디큐브 부스터 프로,225329445,메디큐브 부스터프로 미니 플러스 마이멜로디,70000,3,판매완료,,2026-02-16 20:03:36,https://web.joongna.com/product/225329445,,BOOSTER_PRO_MINI,text_variant,not_requested
메디큐브 부스터 프로,225177939,메디큐브 에이지알 부스터프로,210000,3,판매완료,연성동,2026-02-11 22:44:48,https://web.joongna.com/product/225177939,,BOOSTER_PRO,text_variant,not_requested
메디큐브 부스터 프로,218759638,메디큐브 부스터 프로 핑크컬러 팔아용,175000,3,판매완료,,2026-02-11 11:37:27,https://web.joongna.com/product/218759638,,BOOSTER_PRO,text_variant,not_requested
메디큐브 부스터 프로,225139697,메디큐브 에이지알 부스터 프로 쿠로미 에디션,270000,3,판매완료,,2026-02-10 22:14:19,https://web.joongna.com/product/225139697,,BOOSTER_PRO,text_variant,not_requested
메디큐브 부스터 프로,224839498,메디큐브 부스터프로,110000,3,판매완료,,2026-02-10 12:02:44,https://web.joongna.com/product/224839498,,BOOSTER_PRO,text_variant,not_requested
메디큐브 부스터 프로,225072724,메디큐브 부스터프로 미니,45000,3,판매완료,염포동,2026-02-09 08:28:21,https://web.joongna.com/product/225072724,,BOOSTER_PRO_MINI,text_variant,not_requested
메디큐브 부스터 프로,223681696,메디큐브 부스터프로,193000,0,판매중,부천동,2026-02-08 22:46:39,https://web.joongna.com/product/223681696,,BOOSTER_PRO,text_variant,not_requested
메디큐브 부스터 프로,224530986,메디큐브 부스터프로 미개봉 새제품,190000,3,판매완료,,2026-02-08 13:05:02,https://web.joongna.com/product/224530986,,BOOSTER_PRO,text_variant,not_requested
메디큐브 부스터 프로,225023419,메디큐브 에이지알 부스터프로,110000,3,판매완료,,2026-02-07 20:18:01,https://web.joongna.com/product/225023419,,BOOSTER_PRO,text_variant,not_requested
메디큐브 부스터 프로,225003045,메디큐브 에이지알 부스터 프로 AGE-R Booster Pro,150000,3,판매완료,성연면,2026-02-07 10:53:43,https://web.joongna.com/product/225003045,,BOOSTER_PRO,text_variant,not_requested
메디큐브 부스터 프로,224990536,메디큐브 부스터프로 미니 플러스,80000,3,판매완료,,2026-02-06 21:38:47,https://web.joongna.com/product/224990536,,BOOSTER_PRO_MINI,text_variant,not_requested
메디큐브 부스터 프로,224968720,메디큐브 에이지알 부스터 프로 미니 핑크 새상품,95000,0,판매중,,2026-02-06 11:46:14,https://web.joongna.com/product/224968720,,BOOSTER_PRO_MINI,text_variant,not_requested
메디큐브 부스터 프로,224958673,메디큐브 에이지알 부스터프로 핑크 | 정품 풀박스 | 상태 매우 좋음,170000,3,판매완료,가양제1동,2026-02-06 00:30:11,https://web.joongna.com/product/224958673,,BOOSTER_PRO,text_variant,not_requested
메디큐브 부스터 프로,224954506,[미개봉 새상품] 메디큐브 에이지알 부스터프로 화이트 + 헬로키티 헤드/티슈,240000,3,판매완료,다운동,2026-02-05 22:20:35,https://web.joongna.com/product/224954506,,BOOSTER_PRO,text_variant,not_requested
메디큐브 부스터 프로,211859786,메디큐브 부스터 프로(핑크)(블랙),200000,3,판매완료,,2026-02-05 17:19:33,https://web.joongna.com/product/211859786,,BOOSTER_PRO,text_variant,not_requested
메디큐브 부스터 프로,224882803,메디큐브 에이지알 부스터프로미니(플러스 아님),50000,3,판매완료,,2026-02-05 15:33:31,https://web.joongna.com/product/224882803,,BOOSTER_PRO_MINI,text_variant,not_requested
메디큐브 부스터 프로,224880010,쿠로미 메디큐브 부스터프로,150000,1,예약중,,2026-02-03 23:36:58,https://web.joongna.com/product/224880010,,BOOSTER_PRO,text_variant,not_requested
메디큐브 부스터 프로,224217060,(마지막 할인) 한정판 메디큐브 부스터프로 쿠로미,150000,1,예약중,,2026-02-03 12:08:49,https://web.joongna.com/product/224217060,,BOOSTER_PRO,text_variant,not_requested
메디큐브 부스터 프로,222653403,메디큐브 에이지알 부스터프로 핑크 풀박스,170000,0,판매중,,2026-02-03 01:11:20,https://web.joongna.com/product/222653403,,BOOSTER_PRO,text_variant,not_requested
메디큐브 부스터 프로,224790328,메디큐브 부스터프로 핑크 미개봉,240000,3,판매완료,온천2동,2026-02-03 00:01:07,https://web.joongna.com/product/224790328,,BOOSTER_PRO,text_variant,not_requested
메디큐브 부스터 프로,220636929,메디큐브 에이지알 부스터 프로 풀박스,139900,3,판매완료,대흥동,2026-02-02 22:13:27,https://web.joongna.com/product/220636929,,BOOSTER_PRO,text_variant,not_requested
메디큐브 부스터 프로,224836723,메디큐브 부스터프로 핑크 정품 박스,5000,0,판매중,효곡동,2026-02-02 21:54:42,https://web.joongna.com/product/224836723,,BOOSTER_PRO,text_variant,not_requested
메디큐브 부스터 프로,224830964,메디큐브 부스터프로 마이멜로디,200000,3,판매완료,,2026-02-02 19:27:26,https://web.joongna.com/product/224830964,,BOOSTER_PRO,text_variant,not_requested
메디큐브 부스터 프로,224818295,메디큐브 부스터프로 미니플러스+진동클렌저 헤드 풀박스,120000,3,판매완료,,2026-02-02 14:11:21,https://web.joongna.com/product/224818295,,BOOSTER_PRO_MINI,text_variant,not_requested
메디큐브 부스터 프로,224092098,메디큐브 에이지알 부스터 프로 핑크,160000,3,판매완료,평동,2026-02-02 09:31:20,https://web.joongna.com/product/224092098,,BOOSTER_PRO,text_variant,not_requested
메디큐브 부스터 프로,224291233,메디큐브 부스터프로,190000,0,판매중,역촌동,2026-01-31 17:32:12,https://web.joongna.com/product/224291233,,BOOSTER_PRO,text_variant,not_requested
메디큐브 부스터 프로,221491530,메디큐브 부스터프로 미니(플러스아님),50000,3,판매완료,,2026-01-31 16:53:56,https://web.joongna.com/product/221491530,,BOOSTER_PRO_MINI,text_variant,not_requested
메디큐브 부스터 프로,224625802,[거의 새상품] 메디큐브 부스터 프로,200000,3,판매완료,주엽1동,2026-01-31 11:03:52,https://web.joongna.com/product/224625802,,BOOSTER_PRO,text_variant,not_requested
메디큐브 부스터 프로,224246083,메디큐브 에이지알 부스터 프로 블랙 (박스X/상태최상),145000,3,판매완료,어양동,2026-01-30 22:09:04,https://web.joongna.com/product/224246083,,BOOSTER_PRO,text_variant,not_requested
메디큐브 부스터 프로,219236265,메디큐브 부스터프로 최상급,190000,3,판매완료,,2026-01-29 20:04:43,https://web.joongna.com/product/219236265,,BOOSTER_PRO,text_variant,not_requested
메디큐브 부스터 프로,224682998,(정품) 메디큐브 에이지알 부스터 프로 미니 핑크,65000,3,판매완료,,2026-01-29 19:55:02,https://web.joongna.com/product/224682998,,BOOSTER_PRO_MINI,text_variant,not_requested
메디큐브 부스터 프로,223519839,메디큐브 부스터 프로 라벤더,240000,3,판매완료,방이1동,2026-01-29 16:53:19,https://web.joongna.com/product/223519839,,BOOSTER_PRO,text_variant,not_requested
메디큐브 부스터 프로,224667518,메디큐브 부스터 프로 블랙 풀박스(동영상 첨부),160000,3,판매완료,,2026-01-29 13:27:02,https://web.joongna.com/product/224667518,,BOOSTER_PRO,text_variant,not_requested
메디큐브 부스터 프로,224612391,메디큐브 부스터프로 미니플러스 마이멜로디 미개봉,90000,3,판매완료,,2026-01-27 23:22:32,https://web.joongna.com/product/224612391,,BOOSTER_PRO_MINI,text_variant,not_requested
메디큐브 부스터 프로,224512949,메디큐브 부스터프로,160000,3,판매완료,,2026-01-27 21:59:23,https://web.joongna.com/product/224512949,,BOOSTER_PRO,text_variant,not_requested
메디큐브 부스터 프로,224592068,메디큐브 부스터프로 미니,65000,3,판매완료,구의제1동,2026-01-27 14:48:57,https://web.joongna.com/product/224592068,,BOOSTER_PRO_MINI,text_variant,not_requested
메디큐브 부스터 프로,224516007,메디큐브 에이지알 부스터프로 마이멜로디(미사용 새제품),262000,3,판매완료,잠원동,2026-01-25 15:14:42,https://web.joongna.com/product/224516007,,BOOSTER_PRO,text_variant,not_requested
메디큐브 부스터 프로,224324681,메디큐브 에이지알 부스터프로(미개봉 새상품),190000,3,판매완료,,2026-01-24 20:51:05,https://web.joongna.com/product/224324681,,BOOSTER_PRO,text_variant,not_requested
메디큐브 부스터 프로,224464704,[새상품] 메디큐브 부스터프로 미니 플러스 마이멜로디 에디션 2개,180000,3,판매완료,,2026-01-24 02:23:40,https://web.joongna.com/product/224464704,미개봉 새상품 미니 아니고 미니 플러스 입니다 :) 💛 2개 가격이에요! ✔️ cj 대한통운 or 롯데택배로 보내드려요!,BOOSTER_PRO_MINI,text_variant,200
메디큐브 부스터 프로,224429430,메디큐브 에이지알 부스터프로,150000,1,예약중,개금제1동,2026-01-23 05:17:59,https://web.joongna.com/product/224429430,,BOOSTER_PRO,text_variant,not_requested
메디큐브 부스터 프로,224416593,메디큐브 부스터프로,140000,3,판매완료,,2026-01-22 19:13:59,https://web.joongna.com/product/224416593,,BOOSTER_PRO,text_variant,not_requested
메디큐브 부스터 프로,224233840,메디큐브 부스터프로 짱구에디션,230000,3,판매완료,,2026-01-22 18:24:09,https://web.joongna.com/product/224233840,,BOOSTER_PRO,text_variant,not_requested
메디큐브 부스터 프로,222927661,메디큐브 짱구 부스터프로 미니플러스 미개봉,94000,0,판매중,삼성2동,2026-01-22 16:43:30,https://web.joongna.com/product/222927661,,BOOSTER_PRO_MINI,text_variant,not_requested
메디큐브 부스터 프로,224283171,메디큐브 부스터프로 스페셜에디션,280000,3,판매완료,,2026-01-22 12:41:39,https://web.joongna.com/product/224283171,,BOOSTER_PRO,text_variant,not_requested
메디큐브 부스터 프로,224373049,[새상품] 메디큐브 부스터 프로 짱구 에디션,250000,3,판매완료,,2026-01-21 17:15:53,https://web.joongna.com/product/224373049,,BOOSTER_PRO,text_variant,not_requested
메디큐브 부스터 프로,224053592,메디큐브 에이지알 부스터프로 블랙 미개봉,190000,3,판매완료,조원1동,2026-01-20 16:29:32,https://web.joongna.com/product/224053592,,BOOSTER_PRO,text_variant,not_requested
메디큐브 부스터 프로,224331436,메디큐브 에이지알 부스터프로,140000,3,판매완료,사동,2026-01-20 16:25:59,https://web.joongna.com/product/224331436,,BOOSTER_PRO,text_variant,not_requested
메디큐브 부스터 프로,224329732,메디큐브 마이멜로디 부스터프로 미개봉,310000,3,판매완료,호계2동,2026-01-20 15:46:10,https://web.joongna.com/product/224329732,,BOOSTER_PRO,text_variant,not_requested
메디큐브 부스터 프로,224290637,메디큐브 헬로키티 에이지알 부스터프로,300000,3,판매완료,부성1동,2026-01-19 21:14:28,https://web.joongna.com/product/224290637,,BOOSTER_PRO,text_variant,not_requested
메디큐브 부스터 프로,224288383,메디큐브 에이지알 부스터 프로 미니 춘식이 에디션,55000,3,판매완료,,2026-01-19 14:47:55,https://web.joongna.com/product/224288383,,BOOSTER_PRO_MINI,text_variant,not_requested
메디큐브 부스터 프로,224286453,메디큐브 부스터 프로 미니 플러스,100000,0,판매중,석남1동,2026-01-19 13:57:16,https://web.joongna.com/product/224286453,,BOOSTER_PRO_MINI,text_variant,not_requested
메디큐브 부스터 프로,224002111,메디큐브 에이지알 부스터프로,240000,3,판매완료,상계6.7동,2026-01-18 17:05:14,https://web.joongna.com/product/224002111,,BOOSTER_PRO,text_variant,not_requested
메디큐브 부스터 프로,224174989,메디큐브 부스터프로 미개봉 새제품,190000,3,판매완료,,2026-01-18 13:54:07,https://web.joongna.com/product/224174989,,BOOSTER_PRO,text_variant,not_requested
메디큐브 부스터 프로,224247553,메디큐브 AGE-R 부스터 프로 잔망루피 에디션,250000,3,판매완료,,2026-01-18 13:34:58,https://web.joongna.com/product/224247553,,BOOSTER_PRO,text_variant,not_requested
메디큐브 부스터 프로,223130859,1회사용 풀박 메디큐브 에이지알 부스터프로,170000,3,판매완료,,2026-01-17 19:52:10,https://web.joongna.com/product/223130859,,BOOSTER_PRO,text_variant,not_requested
메디큐브 부스터 프로,224088805,메디큐브 에이지알 부스터프로(미개봉 새상품),190000,3,판매완료,,2026-01-16 10:29:43,https://web.joongna.com/product/224088805,,BOOSTER_PRO,text_variant,not_requested
메디큐브 부스터 프로,224153587,메디큐브 부스터프로 미개봉상품,220000,3,판매완료,,2026-01-15 20:18:32,https://web.joongna.com/product/224153587,,BOOSTER_PRO,text_variant,not_requested
메디큐브 부스터 프로,224086852,이사정리!메디큐브 부스터프로 미니 플러스 짱구 에디션 (미개봉),85000,3,판매완료,삼전동,2026-01-14 07:09:17,https://web.joongna.com/product/224086852,,BOOSTER_PRO_MINI,text_variant,not_requested
메디큐브 부스터 프로,222902259,메디큐브 부스터프로 마이멜로디 실사용 5회,85000,3,판매완료,,2026-01-13 23:22:35,https://web.joongna.com/product/222902259,,BOOSTER_PRO,text_variant,not_requested
메디큐브 부스터 프로,223243800,메디큐브 부스터프로 미개봉 새제품,190000,3,판매완료,,2026-01-13 21:28:15,https://web.joongna.com/product/223243800,,BOOSTER_PRO,text_variant,not_requested
메디큐브 부스터 프로,224074579,메디큐브 부스터프로 헬로키티 에디션 풀박스,260000,3,판매완료,,2026-01-13 20:12:56,https://web.joongna.com/product/224074579,,BOOSTER_PRO,text_variant,not_requested
메디큐브 부스터 프로,224060876,메디큐브 부스터프로 미니플러스,85000,3,판매완료,고봉동,2026-01-13 14:35:01,https://web.joongna.com/product/224060876,,BOOSTER_PRO_MINI,text_variant,not_requested
메디큐브 부스터 프로,224055733,뷰티디바이스 메디큐브 에이지알 부스터프로 풀박스 팝니다,165000,3,판매완료,화양동,2026-01-13 12:20:06,https://web.joongna.com/product/224055733,,BOOSTER_PRO,text_variant,not_requested
메디큐브 부스터 프로,224001192,메디큐브 부스터프로 미개봉 새상품,230000,0,판매중,,2026-01-12 22:01:21,https://web.joongna.com/product/224001192,,BOOSTER_PRO,text_variant,not_requested
메디큐브 부스터 프로,223991580,메디큐브 에이지알 부스터프로 블랙 풀박스,100000,3,판매완료,,2026-01-11 17:51:40,https://web.joongna.com/product/223991580,,BOOSTER_PRO,text_variant,not_requested
메디큐브 부스터 프로,223770932,메디큐브 에이지알 부스터프로,130000,3,판매완료,서빙고동,2026-01-05 19:18:35,https://web.joongna.com/product/223770932,,BOOSTER_PRO,text_variant,not_requested
메디큐브 부스터 프로,223747220,메디큐브 AGE-R 부스터 프로 핑크,175000,3,판매완료,운정3동,2026-01-05 08:40:45,https://web.joongna.com/product/223747220,,BOOSTER_PRO,text_variant,not_requested
메디큐브 부스터 프로,223745429,메디큐브 부스터프로,135000,3,판매완료,태평1동,2026-01-05 04:37:44,https://web.joongna.com/product/223745429,,BOOSTER_PRO,text_variant,not_requested
메디큐브 부스터 프로,223454915,메디큐브 부스터 프로 미니 춘식이 에디션 판매합니다,80000,0,판매중,,2026-01-04 14:12:08,https://web.joongna.com/product/223454915,,BOOSTER_PRO_MINI,text_variant,not_requested
메디큐브 부스터 프로,222855921,메디큐브 부스터 프로 미니 춘식이 에디션 판매합니다,80000,0,판매중,,2026-01-04 14:11:12,https://web.joongna.com/product/222855921,,BOOSTER_PRO_MINI,text_variant,not_requested
메디큐브 부스터 프로,223599748,메디큐브 에이지알 부스터프로,155000,3,판매완료,,2026-01-04 13:17:14,https://web.joongna.com/product/223599748,,BOOSTER_PRO,text_variant,not_requested
메디큐브 부스터 프로,222606484,메디큐브 에이지알 부스터 프로,110000,3,판매완료,조원1동,2026-01-04 12:48:47,https://web.joongna.com/product/222606484,,BOOSTER_PRO,text_variant,not_requested
메디큐브 부스터 프로,223695265,메디큐브 부스터프로 쿠로미에디션 새상품,200000,3,판매완료,,2026-01-04 00:10:20,https://web.joongna.com/product/223695265,,BOOSTER_PRO,text_variant,not_requested
메디큐브 부스터 프로,223632922,메디큐브 부스터프로,170000,3,판매완료,,2026-01-02 01:05:58,https://web.joongna.com/product/223632922,,BOOSTER_PRO,text_variant,not_requested
메디큐브 부스터 프로,223625219,메디큐브 부스터프로 울트라 튠 세트,300000,3,판매완료,장유1동,2026-01-01 20:52:26,https://web.joongna.com/product/223625219,,BOOSTER_PRO,text_variant,not_requested
메디큐브 부스터 프로,223611785,메디큐브 AGE-R 부스터프로,140000,3,판매완료,,2026-01-01 14:33:43,https://web.joongna.com/product/223611785,,BOOSTER_PRO,text_variant,not_requested
메디큐브 부스터 프로,222489093,메디큐브 부스터 프로 새상품,230000,3,판매완료,원효로제2동,2026-01-01 11:34:20,https://web.joongna.com/product/222489093,,BOOSTER_PRO,text_variant,not_requested
메디큐브 부스터 프로,223604673,(새상품) 메디큐브 에이지알 부스터프로미니+진정앰플,60000,3,판매완료,,2026-01-01 10:45:53,https://web.joongna.com/product/223604673,,BOOSTER_PRO_MINI,text_variant,not_requested
메디큐브 부스터 프로,223338959,메디큐브 부스터프로 라벤더,165000,3,판매완료,정관읍,2025-12-31 15:41:16,https://web.joongna.com/product/223338959,,BOOSTER_PRO,text_variant,not_requested
메디큐브 부스터 프로,223379998,메디큐브 에이지알 부스터프로,160000,3,판매완료,,2025-12-31 08:49:07,https://web.joongna.com/product/223379998,,BOOSTER_PRO,text_variant,not_requested
메디큐브 부스터 프로,223559842,메디큐브 AGER 부스터프로 세트,150000,3,판매완료,,2025-12-30 22:16:28,https://web.joongna.com/product/223559842,,BOOSTER_PRO,text_variant,not_requested
메디큐브 부스터 프로,223201710,메디큐브 부스터프로,190000,3,판매완료,신길제3동,2025-12-30 20:06:22,https://web.joongna.com/product/223201710,,BOOSTER_PRO,text_variant,not_requested
메디큐브 부스터 프로,223549816,메디큐브 부스터프로,170000,3,판매완료,,2025-12-30 17:55:08,https://web.joongna.com/product/223549816,,BOOSTER_PRO,text_variant,not_requested
메디큐브 부스터 프로,223483514,메디큐브 부스터프로 미니플러스 마이멜로디,65000,3,판매완료,신갈동,2025-12-30 09:00:38,https://web.joongna.com/product/223483514,,BOOSTER_PRO_MINI,text_variant,not_requested
메디큐브 부스터 프로,223517921,(풀박)메디큐브 부스터프로 (새상품급)*빠른판매원해요*,180000,3,판매완료,,2025-12-30 01:43:55,https://web.joongna.com/product/223517921,,BOOSTER_PRO,text_variant,not_requested
메디큐브 부스터 프로,223477026,이사정리!메디큐브 부스터프로 미니 플러스 짱구 에디션 (미개봉),85000,3,판매완료,삼전동,2025-12-28 20:05:27,https://web.joongna.com/product/223477026,,BOOSTER_PRO_MINI,text_variant,not_requested
메디큐브 부스터 프로,223476909,이사정리!메디큐브 부스터프로 마이멜로디 에디션 (단순개봉),280000,3,판매완료,삼전동,2025-12-28 20:02:16,https://web.joongna.com/product/223476909,,BOOSTER_PRO,text_variant,not_requested
메디큐브 부스터 프로,223465949,메디큐브 AGE-R 부스터 프로 풀박스,150000,3,판매완료,온천1동,2025-12-28 15:31:44,https://web.joongna.com/product/223465949,,BOOSTER_PRO,text_variant,not_requested
메디큐브 부스터 프로,223127298,메디큐브 부스터프로 미니,65000,3,판매완료,인동동,2025-12-28 12:07:58,https://web.joongna.com/product/223127298,,BOOSTER_PRO_MINI,text_variant,not_requested
메디큐브 부스터 프로,222818670,메디큐브 부스터 프로 미니 춘식이 에디션 판매합니다,80000,0,판매중,,2025-12-27 10:18:44,https://web.joongna.com/product/222818670,,BOOSTER_PRO_MINI,text_variant,not_requested
메디큐브 부스터 프로,218762592,메디큐브 에이지알 부스터 프로,170000,3,판매완료,장곡동,2025-12-27 00:40:15,https://web.joongna.com/product/218762592,,BOOSTER_PRO,text_variant,not_requested
메디큐브 부스터 프로,223359568,메디큐브 에이지알 부스터프로,150000,3,판매완료,,2025-12-25 15:16:51,https://web.joongna.com/product/223359568,,BOOSTER_PRO,text_variant,not_requested
메디큐브 부스터 프로,223352592,메디큐브 부스터프로,160000,3,판매완료,,2025-12-25 11:58:13,https://web.joongna.com/product/223352592,,BOOSTER_PRO,text_variant,not_requested
메디큐브 부스터 프로,223338830,메디큐브 부스터 프로 미니 플러스 + 클렌징 헤드,85000,3,판매완료,,2025-12-24 21:29:38,https://web.joongna.com/product/223338830,,BOOSTER_PRO_MINI,text_variant,not_requested
메디큐브 부스터 프로,223320488,메디큐브 부스터 프로 미니 새상품,75000,3,판매완료,,2025-12-24 12:37:14,https://web.joongna.com/product/223320488,,BOOSTER_PRO_MINI,text_variant,not_requested
메디큐브 부스터 프로,222533058,1회 사용메디큐브 부스터프로 핑크토끼 한정판 에디션(글로우 기획세트 포함),220000,3,판매완료,,2025-12-24 07:38:04,https://web.joongna.com/product/222533058,,BOOSTER_PRO,text_variant,not_requested
메디큐브 부스터 프로,223273024,[새상품] 메디큐브 부스터 프로 블랙,190000,3,판매완료,,2025-12-23 03:33:33,https://web.joongna.com/product/223273024,,BOOSTER_PRO,text_variant,not_requested
메디큐브 부스터 프로,222905403,메디큐브 부스터 프로 미니 춘식이 에디션 판매,80000,0,판매중,,2025-12-22 20:17:01,https://web.joongna.com/product/222905403,,BOOSTER_PRO_MINI,text_variant,not_requested
메디큐브 부스터 프로,222855972,메디큐브 부스터 프로 미니 춘식이 에디션 판매합니다,80000,0,판매중,,2025-12-22 12:29:16,https://web.joongna.com/product/222855972,,BOOSTER_PRO_MINI,text_variant,not_requested
메디큐브 부스터 프로,223217154,메디큐브 AGE-R 부스터 프로 미니,89000,3,판매완료,신사동,2025-12-21 16:35:22,https://web.joongna.com/product/223217154,,BOOSTER_PRO_MINI,text_variant,not_requested
메디큐브 부스터 프로,223067690,메디큐브 부스터프로 핑크 / 급처가격,190000,3,판매완료,비전1동,2025-12-21 09:54:47,https://web.joongna.com/product/223067690,,BOOSTER_PRO,text_variant,not_requested
메디큐브 부스터 프로,223196897,메디큐브 부스터프로(헬로키티),120000,3,판매완료,,2025-12-21 00:11:45,https://web.joongna.com/product/223196897,,BOOSTER_PRO,text_variant,not_requested
메디큐브 부스터 프로,223166013,(미개봉) 메디큐브 에이지알 부스터프로미니 + 엑소좀시카 앰플,98000,3,판매완료,,2025-12-20 08:15:23,https://web.joongna.com/product/223166013,,BOOSTER_PRO_MINI,text_variant,not_requested
메디큐브 부스터 프로,223104882,메디큐브 부스터프로+젤,140000,3,판매완료,대신동,2025-12-18 14:24:11,https://web.joongna.com/product/223104882,,BOOSTER_PRO,text_variant,not_requested
메디큐브 부스터 프로,223086537,[미개봉 새상품] 메디큐브 부스터프로,200000,3,판매완료,,2025-12-17 23:19:23,https://web.joongna.com/product/223086537,,BOOSTER_PRO,text_variant,not_requested
메디큐브 부스터 프로,223038893,메디큐브 부스터프로 정품 상자,5000,0,판매중,검암경서동,2025-12-16 19:32:00,https://web.joongna.com/product/223038893,,BOOSTER_PRO,text_variant,not_requested
메디큐브 부스터 프로,222740735,메디큐브 에이지알 부스터프로미니 핑크,46000,3,판매완료,,2025-12-16 12:51:59,https://web.joongna.com/product/222740735,,BOOSTER_PRO_MINI,text_variant,not_requested
메디큐브 부스터 프로,213137370,메디큐브 부스터 프로 쿠로미 에디션,278000,0,판매중,복현2동,2025-12-16 00:00:50,https://web.joongna.com/product/213137370,,BOOSTER_PRO,text_variant,not_requested
메디큐브 부스터 프로,223005271,[새상품] 메디큐브 부스터프로 미니 플러스 마이멜로디 에디션,90000,3,판매완료,,2025-12-15 21:42:25,https://web.joongna.com/product/223005271,,BOOSTER_PRO_MINI,text_variant,not_requested
메디큐브 부스터 프로,222338469,메디큐브 부스터프로,160000,3,판매완료,주안6동,2025-12-15 07:45:56,https://web.joongna.com/product/222338469,,BOOSTER_PRO,text_variant,not_requested
메디큐브 부스터 프로,222925793,메디큐브 AGE-R 부스터 프로 쿠로미 에디션 새상품,273000,3,판매완료,송도1동,2025-12-13 19:29:24,https://web.joongna.com/product/222925793,,BOOSTER_PRO,text_variant,not_requested
메디큐브 부스터 프로,222846759,메디큐브 부스터프로 핑크 풀박스+헤드캡,180000,3,판매완료,,2025-12-13 12:14:57,https://web.joongna.com/product/222846759,,BOOSTER_PRO,text_variant,not_requested
메디큐브 부스터 프로,222553261,메디큐브 부스터 프로 블랙,289000,3,판매완료,,2025-12-12 17:57:05,https://web.joongna.com/product/222553261,,BOOSTER_PRO,text_variant,not_requested
메디큐브 부스터 프로,222861692,메디큐브 에이지알 부스터 프로 핑크,150000,3,판매완료,,2025-12-11 23:05:14,https://web.joongna.com/product/222861692,,BOOSTER_PRO,text_variant,not_requested
메디큐브 부스터 프로,223038893,메디큐브 부스터프로 정품 상자,5000,0,판매중,검암경서동,2025-12-16 19:32:00,https://web.joongna.com/product/223038893,,BOOSTER_PRO,text_variant,not_requested
메디큐브 부스터 프로,222740735,메디큐브 에이지알 부스터프로미니 핑크,46000,3,판매완료,,2025-12-16 12:51:59,https://web.joongna.com/product/222740735,,BOOSTER_PRO_MINI,text_variant,not_requested
메디큐브 부스터 프로,213137370,메디큐브 부스터 프로 쿠로미 에디션,278000,0,판매중,복현2동,2025-12-16 00:00:50,https://web.joongna.com/product/213137370,,BOOSTER_PRO,text_variant,not_requested
메디큐브 부스터 프로,223005271,[새상품] 메디큐브 부스터프로 미니 플러스 마이멜로디 에디션,90000,3,판매완료,,2025-12-15 21:42:25,https://web.joongna.com/product/223005271,,BOOSTER_PRO_MINI,text_variant,not_requested
메디큐브 부스터 프로,222338469,메디큐브 부스터프로,160000,3,판매완료,주안6동,2025-12-15 07:45:56,https://web.joongna.com/product/222338469,,BOOSTER_PRO,text_variant,not_requested
메디큐브 부스터 프로,222925793,메디큐브 AGE-R 부스터 프로 쿠로미 에디션 새상품,273000,3,판매완료,송도1동,2025-12-13 19:29:24,https://web.joongna.com/product/222925793,,BOOSTER_PRO,text_variant,not_requested
메디큐브 부스터 프로,222846759,메디큐브 부스터프로 핑크 풀박스+헤드캡,180000,3,판매완료,,2025-12-13 12:14:57,https://web.joongna.com/product/222846759,,BOOSTER_PRO,text_variant,not_requested
메디큐브 부스터 프로,222553261,메디큐브 부스터 프로 블랙,289000,3,판매완료,,2025-12-12 17:57:05,https://web.joongna.com/product/222553261,,BOOSTER_PRO,text_variant,not_requested
메디큐브 부스터 프로,222861692,메디큐브 에이지알 부스터 프로 핑크,150000,3,판매완료,,2025-12-11 23:05:14,https://web.joongna.com/product/222861692,,BOOSTER_PRO,text_variant,not_requested
메디큐브 부스터 프로,222801377,메디큐브 에이지알 부스터프로,150000,3,판매완료,,2025-12-11 10:54:53,https://web.joongna.com/product/222801377,,BOOSTER_PRO,text_variant,not_requested
메디큐브 부스터 프로,222820331,메디큐브 부스터프로 핑크 풀박스(캡포함),180000,3,판매완료,원효로제1동,2025-12-10 21:44:56,https://web.joongna.com/product/222820331,,BOOSTER_PRO,text_variant,not_requested
메디큐브 부스터 프로,222811297,메디큐브 부스터프로 미니,53000,3,판매완료,,2025-12-10 17:56:20,https://web.joongna.com/product/222811297,,BOOSTER_PRO_MINI,text_variant,not_requested
메디큐브 부스터 프로,206743478,메디큐브 부스터 프로,190000,0,판매중,,2025-12-09 14:18:57,https://web.joongna.com/product/206743478,,BOOSTER_PRO,text_variant,not_requested
메디큐브 부스터 프로,222763615,메디큐브 부스터프로 블랙,150000,3,판매완료,백석1동,2025-12-09 14:12:41,https://web.joongna.com/product/222763615,,BOOSTER_PRO,text_variant,not_requested
메디큐브 부스터 프로,222762865,메디큐브 부스터 프로 블랙,120000,3,판매완료,,2025-12-09 13:52:51,https://web.joongna.com/product/222762865,,BOOSTER_PRO,text_variant,not_requested
메디큐브 부스터 프로,221145076,메디큐브 부스터프로 한달정도됬음,200000,3,판매완료,수리동,2025-12-08 12:40:48,https://web.joongna.com/product/221145076,,BOOSTER_PRO,text_variant,not_requested
메디큐브 부스터 프로,222601213,메디큐브 에이지알 부스터프로 키티에디션 (도산점 구매),260000,3,판매완료,수유1동,2025-12-08 08:43:38,https://web.joongna.com/product/222601213,,BOOSTER_PRO,text_variant,not_requested
메디큐브 부스터 프로,222711474,메디큐브 에이지알 부스터 프로 핑크,180000,3,판매완료,논현2동,2025-12-08 05:54:01,https://web.joongna.com/product/222711474,,BOOSTER_PRO,text_variant,not_requested
메디큐브 부스터 프로,222695320,메디큐브 에이지알 부스터 프로 미개봉 새상품,200000,3,판매완료,,2025-12-07 17:48:20,https://web.joongna.com/product/222695320,,BOOSTER_PRO,text_variant,not_requested
메디큐브 부스터 프로,221229942,메디큐브 부스터프로 마이멜로디 에디션,280000,3,판매완료,,2025-12-07 07:46:25,https://web.joongna.com/product/221229942,,BOOSTER_PRO,text_variant,not_requested
메디큐브 부스터 프로,222675742,뷰티디바이스 메디큐브 부스터프로 25.3월 구입,140000,3,판매완료,수민동,2025-12-07 06:36:25,https://web.joongna.com/product/222675742,,BOOSTER_PRO,text_variant,not_requested
메디큐브 부스터 프로,222654200,메디큐브 부스터프로,200000,0,판매중,,2025-12-06 14:58:05,https://web.joongna.com/product/222654200,,BOOSTER_PRO,text_variant,not_requested
메디큐브 부스터 프로,222410377,메디큐브 부스터프로 미니,60000,3,판매완료,,2025-12-05 15:04:20,https://web.joongna.com/product/222410377,,BOOSTER_PRO_MINI,text_variant,not_requested
메디큐브 부스터 프로,222038900,메디큐브부스터프로,220000,3,판매완료,지산동,2025-12-04 20:30:59,https://web.joongna.com/product/222038900,,BOOSTER_PRO,text_variant,not_requested
메디큐브 부스터 프로,222570507,메디큐브 부스터프로 미개봉,200000,0,판매중,,2025-12-04 08:33:00,https://web.joongna.com/product/222570507,,BOOSTER_PRO,text_variant,not_requested
메디큐브 부스터 프로,222554339,메디큐브 에이지알 부스터 프로 핑크,159000,3,판매완료,,2025-12-03 18:42:55,https://web.joongna.com/product/222554339,,BOOSTER_PRO,text_variant,not_requested
메디큐브 부스터 프로,222546644,메디큐브 클렌징 헤드+ 부스터프로미니플러스 세트 미개봉 판매,100000,3,판매완료,영종동,2025-12-03 15:28:40,https://web.joongna.com/product/222546644,,BOOSTER_PRO_MINI,text_variant,not_requested
메디큐브 부스터 프로,217894857,메디큐브 에이지알 부스터프로,270000,0,판매중,,2025-12-03 14:37:48,https://web.joongna.com/product/217894857,,BOOSTER_PRO,text_variant,not_requested
메디큐브 부스터 프로,222529257,메디큐브 부스터프로 팝니다.,128000,3,판매완료,서초4동,2025-12-03 02:23:52,https://web.joongna.com/product/222529257,,BOOSTER_PRO,text_variant,not_requested
메디큐브 부스터 프로,222524687,메디큐브 부스터 프로 화이트,170000,3,판매완료,,2025-12-02 22:47:04,https://web.joongna.com/product/222524687,,BOOSTER_PRO,text_variant,not_requested
메디큐브 부스터 프로,222242855,메디큐브 에이지알 부스터프로 미개봉 새제품 판매합니다,200000,3,판매완료,하안1동,2025-12-02 20:08:29,https://web.joongna.com/product/222242855,,BOOSTER_PRO,text_variant,not_requested
메디큐브 부스터 프로,222476157,메디큐브 에이지알 부스터 프로 옐로우,200000,0,판매중,,2025-12-01 19:00:51,https://web.joongna.com/product/222476157,,BOOSTER_PRO,text_variant,not_requested
메디큐브 부스터 프로,222398690,메디큐브 부스터프로 & 세럼,160000,3,판매완료,,2025-12-01 12:30:27,https://web.joongna.com/product/222398690,,BOOSTER_PRO,text_variant,not_requested
메디큐브 부스터 프로,222453859,메디큐브 부스터프로,170000,3,판매완료,,2025-12-01 09:15:07,https://web.joongna.com/product/222453859,,BOOSTER_PRO,text_variant,not_requested
메디큐브 부스터 프로,222450622,메디큐브 부스터프로 개봉 새제품,165000,3,판매완료,,2025-12-01 02:36:43,https://web.joongna.com/product/222450622,,BOOSTER_PRO,text_variant,not_requested
메디큐브 부스터 프로,221958428,메디큐브 부스터프로 미니,73000,3,판매완료,,2025-11-30 19:57:38,https://web.joongna.com/product/221958428,,BOOSTER_PRO_MINI,text_variant,not_requested
메디큐브 부스터 프로,222094932,메디큐브 에이지알 부스터프로 블랙 풀박스,180000,3,판매완료,,2025-11-28 23:12:37,https://web.joongna.com/product/222094932,,BOOSTER_PRO,text_variant,not_requested
메디큐브 부스터 프로,222356760,메디큐브 에이지알 부스터프로 마이멜로디에디션,170000,3,판매완료,광장동,2025-11-28 13:30:02,https://web.joongna.com/product/222356760,,BOOSTER_PRO,text_variant,not_requested
메디큐브 부스터 프로,222308735,메디큐브 AGE-R 부스터프로,150000,3,판매완료,,2025-11-27 07:15:41,https://web.joongna.com/product/222308735,,BOOSTER_PRO,text_variant,not_requested
메디큐브 부스터 프로,222303061,메디큐브 에이지알 부스터프로 블랙,170000,3,판매완료,의정부1동,2025-11-26 22:49:18,https://web.joongna.com/product/222303061,,BOOSTER_PRO,text_variant,not_requested
메디큐브 부스터 프로,212662649,메디큐브 에이지알 부스터프로,180000,0,판매중,사당제5동,2025-11-26 18:46:07,https://web.joongna.com/product/212662649,,BOOSTER_PRO,text_variant,not_requested
메디큐브 부스터 프로,222141143,메디큐브 부스터프로,170000,3,판매완료,,2025-11-24 09:49:40,https://web.joongna.com/product/222141143,,BOOSTER_PRO,text_variant,not_requested
메디큐브 부스터 프로,222178268,메디큐브 에이지알 부스터 프로,118000,3,판매완료,동백3동,2025-11-23 19:13:50,https://web.joongna.com/product/222178268,,BOOSTER_PRO,text_variant,not_requested
메디큐브 부스터 프로,222138461,메디큐브 에이지알 부스터프로,170000,3,판매완료,,2025-11-22 17:16:56,https://web.joongna.com/product/222138461,,BOOSTER_PRO,text_variant,not_requested
메디큐브 부스터 프로,222122935,메디큐브 AGE-R 부스터프로,170000,3,판매완료,,2025-11-22 09:57:47,https://web.joongna.com/product/222122935,,BOOSTER_PRO,text_variant,not_requested
메디큐브 부스터 프로,222113077,메디큐브 에이지알 부스터프로 풀박스,200000,3,판매완료,봉담읍,2025-11-21 21:59:43,https://web.joongna.com/product/222113077,,BOOSTER_PRO,text_variant,not_requested
메디큐브 부스터 프로,222110391,메디큐브 부스터프로,170000,3,판매완료,,2025-11-21 20:40:18,https://web.joongna.com/product/222110391,,BOOSTER_PRO,text_variant,not_requested
메디큐브 부스터 프로,221149173,메디큐브 에이지알 부스터 프로 풀박스,175000,3,판매완료,,2025-11-21 15:41:28,https://web.joongna.com/product/221149173,,BOOSTER_PRO,text_variant,not_requested
메디큐브 부스터 프로,221932643,메디큐브 에이지알 부스터프로,170000,3,판매완료,,2025-11-21 13:00:20,https://web.joongna.com/product/221932643,,BOOSTER_PRO,text_variant,not_requested
메디큐브 부스터 프로,222073287,메디큐브 부스터프로,220000,3,판매완료,일동,2025-11-20 20:52:20,https://web.joongna.com/product/222073287,,BOOSTER_PRO,text_variant,not_requested
메디큐브 부스터 프로,220884986,메디큐브 에이지알 부스터 프로 미개봉 새상품입니다,210000,3,판매완료,,2025-11-20 12:25:59,https://web.joongna.com/product/220884986,,BOOSTER_PRO,text_variant,not_requested
메디큐브 부스터 프로,222025453,미개봉 메디큐브 부스터프로미니 플러스 + 전동 클렌저 세트 풀박,119000,3,판매완료,화전동,2025-11-19 16:49:03,https://web.joongna.com/product/222025453,,BOOSTER_PRO_MINI,text_variant,not_requested
메디큐브 부스터 프로,221056697,메디큐브 부스터 프로,160000,3,판매완료,,2025-11-18 13:39:40,https://web.joongna.com/product/221056697,,BOOSTER_PRO,text_variant,not_requested
메디큐브 부스터 프로,221932915,메디큐브 부스터프로 미니,73000,3,판매완료,,2025-11-17 11:24:54,https://web.joongna.com/product/221932915,,BOOSTER_PRO_MINI,text_variant,not_requested
메디큐브 부스터 프로,221915345,메디큐브 부스터프로 + 거치대,185000,3,판매완료,,2025-11-16 20:11:08,https://web.joongna.com/product/221915345,,BOOSTER_PRO,text_variant,not_requested
메디큐브 부스터 프로,221874230,(우체국무료배송/새상품) 메디큐브 에이지알 부스터프로,195000,3,판매완료,,2025-11-16 15:12:44,https://web.joongna.com/product/221874230,,BOOSTER_PRO,text_variant,not_requested
메디큐브 부스터 프로,221859599,메디큐브 마이멜로디 부스터프로 미니플러스,85000,3,판매완료,백석1동,2025-11-15 09:58:17,https://web.joongna.com/product/221859599,,BOOSTER_PRO_MINI,text_variant,not_requested
메디큐브 부스터 프로,221857477,(우체국무료배송/새상품) 메디큐브 에이지알 부스터프로,195000,3,판매완료,,2025-11-15 08:12:04,https://web.joongna.com/product/221857477,,BOOSTER_PRO,text_variant,not_requested
메디큐브 부스터 프로,221789253,AGE-R BOOSTER PRO MINI PLUS 메디큐브 부스터 프로미니 플러스,90000,3,판매완료,,2025-11-15 01:11:09,https://web.joongna.com/product/221789253,,BOOSTER_PRO_MINI,text_variant,not_requested
메디큐브 부스터 프로,221832869,(우체국무료배송/새상품) 메디큐브 에이지알 부스터프로,195000,1,예약중,,2025-11-14 14:13:54,https://web.joongna.com/product/221832869,,BOOSTER_PRO,text_variant,not_requested
메디큐브 부스터 프로,221772992,(우체국무료배송/새상품) 메디큐브 에이지알 부스터프로,195000,3,판매완료,,2025-11-14 06:59:33,https://web.joongna.com/product/221772992,,BOOSTER_PRO,text_variant,not_requested
메디큐브 부스터 프로,221775709,메디큐브 AGE-R 부스터프로,180000,3,판매완료,도촌동,2025-11-12 22:12:35,https://web.joongna.com/product/221775709,,BOOSTER_PRO,text_variant,not_requested
메디큐브 부스터 프로,221369126,메디큐브 에이지알 부스터프로 미니 플러스 마이멜로디,77000,3,판매완료,반여제1동,2025-11-12 16:45:16,https://web.joongna.com/product/221369126,,BOOSTER_PRO_MINI,text_variant,not_requested
메디큐브 부스터 프로,221715924,메디큐브 부스터프로 미니 플러스 세트,100000,3,판매완료,,2025-11-11 12:47:34,https://web.joongna.com/product/221715924,,BOOSTER_PRO_MINI,text_variant,not_requested
메디큐브 부스터 프로,221227641,메디큐브 부스터 프로 레몬색 팝니다,175000,3,판매완료,,2025-11-10 22:38:56,https://web.joongna.com/product/221227641,,BOOSTER_PRO,text_variant,not_requested
메디큐브 부스터 프로,221679824,메디큐브 부스터프로 (25.06제조) 정품,165000,3,판매완료,산곡1동,2025-11-10 13:43:56,https://web.joongna.com/product/221679824,,BOOSTER_PRO,text_variant,not_requested
메디큐브 부스터 프로,221607584,메디큐브 부스터프로 옐로우 풀세트,270000,0,판매중,관양2동,2025-11-08 12:58:52,https://web.joongna.com/product/221607584,,BOOSTER_PRO,text_variant,not_requested
메디큐브 부스터 프로,221592398,메디큐브 부스터프로 마이멜로디 풀박스,260000,3,판매완료,상인2동,2025-11-07 22:15:00,https://web.joongna.com/product/221592398,,BOOSTER_PRO,text_variant,not_requested
메디큐브 부스터 프로,221571744,메디큐브 에이지알 부스터 프로,200000,0,판매중,자양제4동,2025-11-07 12:28:22,https://web.joongna.com/product/221571744,,BOOSTER_PRO,text_variant,not_requested
메디큐브 부스터 프로,221404218,미개봉) 메디큐브 부스터프로 미니,89000,3,판매완료,,2025-11-07 08:57:56,https://web.joongna.com/product/221404218,,BOOSTER_PRO_MINI,text_variant,not_requested
메디큐브 부스터 프로,219665901,메디큐브 부스터프로,150000,3,판매완료,,2025-11-06 17:43:13,https://web.joongna.com/product/219665901,,BOOSTER_PRO,text_variant,not_requested
메디큐브 부스터 프로,221513011,메디큐브 부스터프로 미니 새제품,78000,3,판매완료,,2025-11-05 19:37:14,https://web.joongna.com/product/221513011,,BOOSTER_PRO_MINI,text_variant,not_requested
메디큐브 부스터 프로,221084045,메디큐브 부스터프로 미니,50000,3,판매완료,,2025-11-05 10:55:56,https://web.joongna.com/product/221084045,,BOOSTER_PRO_MINI,text_variant,not_requested
메디큐브 부스터 프로,221482417,메디큐브 에이지알 부스터프로 라벤더,200000,3,판매완료,,2025-11-04 23:33:49,https://web.joongna.com/product/221482417,,BOOSTER_PRO,text_variant,not_requested
메디큐브 부스터 프로,221468067,메디큐브 에이지알 부스터프로 쿠로미 에디션 풀박스,160000,3,판매완료,,2025-11-04 18:36:22,https://web.joongna.com/product/221468067,,BOOSTER_PRO,text_variant,not_requested
메디큐브 부스터 프로,221465118,메디큐브 에이지알 부스터 프로 미개봉 새상품,210000,3,판매완료,,2025-11-04 16:02:28,https://web.joongna.com/product/221465118,,BOOSTER_PRO,text_variant,not_requested
메디큐브 부스터 프로,221268983,메디큐브 부스터프로,150000,3,판매완료,,2025-11-03 17:31:47,https://web.joongna.com/product/221268983,,BOOSTER_PRO,text_variant,not_requested
메디큐브 부스터 프로,221431035,메디큐브 부스터프로 핑크,150000,3,판매완료,,2025-11-03 17:45:17,https://web.joongna.com/product/221431035,,BOOSTER_PRO,text_variant,not_requested
메디큐브 부스터 프로,221409972,메디큐브 AGE-R 부스터 프로 마이멜로디,260000,3,판매완료,중리동,2025-11-03 07:27:45,https://web.joongna.com/product/221409972,,BOOSTER_PRO,text_variant,not_requested
메디큐브 부스터 프로,221401974,메디큐브 부스터프로 풀박스,160000,3,판매완료,,2025-11-02 21:35:40,https://web.joongna.com/product/221401974,,BOOSTER_PRO,text_variant,not_requested
메디큐브 부스터 프로,221402230,메디큐브 부스터프로,160000,3,판매완료,,2025-11-02 21:42:54,https://web.joongna.com/product/221402230,,BOOSTER_PRO,text_variant,not_requested
메디큐브 부스터 프로,221397787,메디큐브 에이지알 부스터프로 블랙 미개봉 새제품,225000,0,판매중,,2025-11-02 19:46:31,https://web.joongna.com/product/221397787,,BOOSTER_PRO,text_variant,not_requested
메디큐브 부스터 프로,221380956,메디큐브부스터프로 미니플러스,95000,0,판매중,운정3동,2025-11-02 11:58:18,https://web.joongna.com/product/221380956,,BOOSTER_PRO_MINI,text_variant,not_requested
메디큐브 부스터 프로,221296881,[새상품] 메디큐브 부스터 프로 쿠로미 에디션,270000,3,판매완료,,2025-11-02 03:07:02,https://web.joongna.com/product/221296881,,BOOSTER_PRO,text_variant,not_requested
메디큐브 부스터 프로,219983072,메디큐브 부스터프로,160000,3,판매완료,,2025-11-01 18:20:45,https://web.joongna.com/product/219983072,,BOOSTER_PRO,text_variant,not_requested
메디큐브 부스터 프로,221334525,메디큐브 부스터 프로 화이트,150000,3,판매완료,,2025-10-31 23:19:31,https://web.joongna.com/product/221334525,,BOOSTER_PRO,text_variant,not_requested
메디큐브 부스터 프로,221286691,메디큐브 에이지알 부스터프로,280000,3,판매완료,,2025-10-30 17:03:07,https://web.joongna.com/product/221286691,,BOOSTER_PRO,text_variant,not_requested
메디큐브 부스터 프로,219729778,[메디큐브 공식몰 구입] 부스터프로미니 판매,89000,0,판매중,,2025-10-29 21:34:26,https://web.joongna.com/product/219729778,,BOOSTER_PRO_MINI,text_variant,not_requested
메디큐브 부스터 프로,221216784,메디큐브 부스터프로 블랙,180000,3,판매완료,오정동,2025-10-28 19:35:43,https://web.joongna.com/product/221216784,,BOOSTER_PRO,text_variant,not_requested
메디큐브 부스터 프로,221198129,메디큐브 에이지알 부스터 프로 풀박스,200000,3,판매완료,,2025-10-28 11:16:50,https://web.joongna.com/product/221198129,,BOOSTER_PRO,text_variant,not_requested
메디큐브 부스터 프로,220977986,메디큐브 에이지알 AGE-R 부스터 프로 풀박스,160000,3,판매완료,,2025-10-28 10:26:09,https://web.joongna.com/product/220977986,,BOOSTER_PRO,text_variant,not_requested
메디큐브 부스터 프로,221195576,메디큐브 부스터프로 쿠로미 에디션,170000,3,판매완료,,2025-10-28 10:01:44,https://web.joongna.com/product/221195576,,BOOSTER_PRO,text_variant,not_requested
메디큐브 부스터 프로,221195169,메디큐브 부스터 프로,190000,3,판매완료,,2025-10-28 09:50:07,https://web.joongna.com/product/221195169,,BOOSTER_PRO,text_variant,not_requested
메디큐브 부스터 프로,221143055,메디큐브 에이지알 부스터 프로 화이트,200000,3,판매완료,인동동,2025-10-28 09:29:51,https://web.joongna.com/product/221143055,,BOOSTER_PRO,text_variant,not_requested
메디큐브 부스터 프로,221190904,메디큐브 에이지알 부스터 프로(장원영 물광 디바이스),150000,3,판매완료,,2025-10-28 02:38:33,https://web.joongna.com/product/221190904,,BOOSTER_PRO,text_variant,not_requested
메디큐브 부스터 프로,220865559,메디큐브 부스터프로,230000,3,판매완료,,2025-10-26 15:54:18,https://web.joongna.com/product/220865559,,BOOSTER_PRO,text_variant,not_requested
메디큐브 부스터 프로,221091908,"메디큐브 에이지알 부스터 프로, 글루타치온 크림",173000,3,판매완료,,2025-10-25 12:18:38,https://web.joongna.com/product/221091908,,BOOSTER_PRO,text_variant,not_requested
메디큐브 부스터 프로,220781667,메디큐브 에이지알 부스터프로(블랙) 풀박스,210000,3,판매완료,중흥1동,2025-10-25 08:42:15,https://web.joongna.com/product/220781667,,BOOSTER_PRO,text_variant,not_requested
메디큐브 부스터 프로,221078654,메디큐브 부스터 프로 마이멜로디 에디션 (새상품),270000,3,판매완료,,2025-10-24 22:17:02,https://web.joongna.com/product/221078654,,BOOSTER_PRO,text_variant,not_requested
메디큐브 부스터 프로,220951221,메디큐브 부스터프로 마이멜로디 단순개봉 새상품,280000,3,판매완료,선산읍,2025-10-24 12:25:21,https://web.joongna.com/product/220951221,,BOOSTER_PRO,text_variant,not_requested
메디큐브 부스터 프로,220908285,메디큐브 부스터프로 키티에디션(25.8 제품),210000,3,판매완료,,2025-10-24 11:58:49,https://web.joongna.com/product/220908285,,BOOSTER_PRO,text_variant,not_requested
메디큐브 부스터 프로,220388647,풀박스 메디큐브 새상품 급 부스터프로 판매합니다,180000,0,판매중,,2025-10-22 22:23:29,https://web.joongna.com/product/220388647,,BOOSTER_PRO,text_variant,not_requested
메디큐브 부스터 프로,220961771,메디큐브 에이지알 부스터 프로 미니 화이트,48000,3,판매완료,,2025-10-21 19:49:24,https://web.joongna.com/product/220961771,,BOOSTER_PRO_MINI,text_variant,not_requested
메디큐브 부스터 프로,220912576,메디큐브 부스터프로,135000,3,판매완료,태전1동,2025-10-20 15:05:18,https://web.joongna.com/product/220912576,,BOOSTER_PRO,text_variant,not_requested
메디큐브 부스터 프로,220908210,메디큐브 에이지알 부스터프로,250000,3,판매완료,법1동,2025-10-20 13:12:05,https://web.joongna.com/product/220908210,,BOOSTER_PRO,text_variant,not_requested
메디큐브 부스터 프로,220889056,메디큐브 에이지 알 부스터프로 잔망루피,150000,3,판매완료,완산동,2025-10-19 21:20:32,https://web.joongna.com/product/220889056,,BOOSTER_PRO,text_variant,not_requested
메디큐브 부스터 프로,220875912,메디큐브 부스터프로 풀박스 + 핑크 pdrn 앰플,150000,3,판매완료,,2025-10-19 15:16:54,https://web.joongna.com/product/220875912,,BOOSTER_PRO,text_variant,not_requested
메디큐브 부스터 프로,220847081,메디큐브 에이지알 부스터프로 핑크,210000,3,판매완료,,2025-10-18 17:54:08,https://web.joongna.com/product/220847081,,BOOSTER_PRO,text_variant,not_requested
메디큐브 부스터 프로,220780966,메디큐브 부스터프로 새상품,185000,3,판매완료,,2025-10-16 20:19:37,https://web.joongna.com/product/220780966,,BOOSTER_PRO,text_variant,not_requested
메디큐브 부스터 프로,217798300,메디큐브 에이지 알 부스터프로,150000,3,판매완료,,2025-10-16 18:20:39,https://web.joongna.com/product/217798300,,BOOSTER_PRO,text_variant,not_requested
메디큐브 부스터 프로,220491627,메디큐브 부스터프로 헬로키티 에디션,270000,3,판매완료,,2025-10-16 17:42:04,https://web.joongna.com/product/220491627,,BOOSTER_PRO,text_variant,not_requested
메디큐브 부스터 프로,220745601,새상품)메디큐브 부스터 프로,180000,3,판매완료,,2025-10-15 21:29:34,https://web.joongna.com/product/220745601,,BOOSTER_PRO,text_variant,not_requested
메디큐브 부스터 프로,220739152,메디큐브 부스터프로 블랙(23.11월제조)+세럼증정,140000,3,판매완료,,2025-10-15 18:40:58,https://web.joongna.com/product/220739152,,BOOSTER_PRO,text_variant,not_requested
메디큐브 부스터 프로,220724919,메디큐브 부스터프로,180000,0,판매중,,2025-10-15 12:35:14,https://web.joongna.com/product/220724919,,BOOSTER_PRO,text_variant,not_requested
메디큐브 부스터 프로,219117713,메디큐브 부스터프로 새제품,200000,3,판매완료,,2025-10-14 03:02:52,https://web.joongna.com/product/219117713,,BOOSTER_PRO,text_variant,not_requested
메디큐브 부스터 프로,220470554,메디큐브 부스터프로,160000,3,판매완료,,2025-10-13 14:07:40,https://web.joongna.com/product/220470554,,BOOSTER_PRO,text_variant,not_requested
메디큐브 부스터 프로,219591458,메디큐브 부스터 프로 미니 춘식이 에디션,69000,3,판매완료,신촌동,2025-10-12 22:42:30,https://web.joongna.com/product/219591458,,BOOSTER_PRO_MINI,text_variant,not_requested
메디큐브 부스터 프로,220626530,메디큐브 부스터 프로,125000,3,판매완료,,2025-10-12 18:59:15,https://web.joongna.com/product/220626530,,BOOSTER_PRO,text_variant,not_requested
메디큐브 부스터 프로,220547078,(미개봉 새상품) 메디큐브 장원영 부스터프로,230000,3,판매완료,개포1동,2025-10-12 10:38:22,https://web.joongna.com/product/220547078,,BOOSTER_PRO,text_variant,not_requested
메디큐브 부스터 프로,220570555,(인천) 메디큐브 부스터프로,180000,3,판매완료,문학동,2025-10-11 09:51:21,https://web.joongna.com/product/220570555,,BOOSTER_PRO,text_variant,not_requested
메디큐브 부스터 프로,220561795,메디큐브 부스터프로 에이지알,190000,3,판매완료,미사1동,2025-10-10 22:26:33,https://web.joongna.com/product/220561795,,BOOSTER_PRO,text_variant,not_requested
메디큐브 부스터 프로,219880247,[메디큐브 공식몰 구입] 부스터프로미니 판매,93000,0,판매중,,2025-10-10 21:06:58,https://web.joongna.com/product/219880247,,BOOSTER_PRO_MINI,text_variant,not_requested
메디큐브 부스터 프로,220530707,메디큐브 에이지알 부스터프로,150000,3,판매완료,양재1동,2025-10-10 00:39:32,https://web.joongna.com/product/220530707,,BOOSTER_PRO,text_variant,not_requested
메디큐브 부스터 프로,220514074,메디큐브 부스터프로,90000,3,판매완료,,2025-10-09 16:26:01,https://web.joongna.com/product/220514074,,BOOSTER_PRO,text_variant,not_requested
메디큐브 부스터 프로,220492345,메디큐브 에이지알 부스터 프로 미니 플러스 핑크,80000,3,판매완료,,2025-10-08 21:57:50,https://web.joongna.com/product/220492345,,BOOSTER_PRO_MINI,text_variant,not_requested
메디큐브 부스터 프로,220422818,(미개봉)메디큐브 부스터프로 팔아요,200000,3,판매완료,,2025-10-07 19:26:45,https://web.joongna.com/product/220422818,,BOOSTER_PRO,text_variant,not_requested
메디큐브 부스터 프로,220448612,풀박스] 메디큐브 에이지알 부스터 프로 헬로키티 에디션,250000,3,판매완료,개금제1동,2025-10-07 13:34:52,https://web.joongna.com/product/220448612,,BOOSTER_PRO,text_variant,not_requested
메디큐브 부스터 프로,220422002,추석특가 메디큐브 부스터프로 마이멜로디,320000,3,판매완료,,2025-10-06 13:01:30,https://web.joongna.com/product/220422002,,BOOSTER_PRO,text_variant,not_requested
메디큐브 부스터 프로,220400146,메디큐브 부스터프로 AGE-R Booster Pro,150000,3,판매완료,,2025-10-05 14:34:21,https://web.joongna.com/product/220400146,,BOOSTER_PRO,text_variant,not_requested
메디큐브 부스터 프로,220388329,메디큐브 에이지알 부스터프로 헬로키티 한정판,255000,3,판매완료,,2025-10-04 23:53:07,https://web.joongna.com/product/220388329,,BOOSTER_PRO,text_variant,not_requested
메디큐브 부스터 프로,220378339,메디큐브 부스터프로,180000,3,판매완료,양주2동,2025-10-04 16:58:54,https://web.joongna.com/product/220378339,,BOOSTER_PRO,text_variant,not_requested
메디큐브 부스터 프로,219509436,메디큐브 부스터 프로,180000,3,판매완료,,2025-10-03 20:25:22,https://web.joongna.com/product/219509436,,BOOSTER_PRO,text_variant,not_requested
메디큐브 부스터 프로,218906826,메디큐브 부스터프로 미니,53000,3,판매완료,,2025-10-03 11:13:03,https://web.joongna.com/product/218906826,,BOOSTER_PRO_MINI,text_variant,not_requested
메디큐브 부스터 프로,220076557,메디큐브 에이지알 부스터 프로 쿠로미 미개봉 새제품,290000,3,판매완료,,2025-10-02 05:44:51,https://web.joongna.com/product/220076557,,BOOSTER_PRO,text_variant,not_requested
메디큐브 부스터 프로,220030137,메디큐브 에이지알 부스터 프로 미개봉새상품 (보호캡),225000,3,판매완료,정릉제4동,2025-10-01 22:42:35,https://web.joongna.com/product/220030137,,BOOSTER_PRO,text_variant,not_requested
메디큐브 부스터 프로,220259555,(택포)메디큐브 부스터프로미니+콜라겐 글로우 버블세럼,65000,3,판매완료,,2025-10-01 17:54:46,https://web.joongna.com/product/220259555,,BOOSTER_PRO_MINI,text_variant,not_requested
메디큐브 부스터 프로,220129174,메디큐브 에이지알 부스터프로 미니 플러스,78000,3,판매완료,제기동,2025-10-01 14:29:41,https://web.joongna.com/product/220129174,,BOOSTER_PRO_MINI,text_variant,not_requested
메디큐브 부스터 프로,218964993,메디큐브 부스터프로 핑크 엔젤 에디션 미개봉,290000,3,판매완료,중동,2025-10-01 12:49:12,https://web.joongna.com/product/218964993,,BOOSTER_PRO,text_variant,not_requested
메디큐브 부스터 프로,220255278,(예약중)메디큐브 부스터프로+거치대,190000,3,판매완료,,2025-09-30 16:33:33,https://web.joongna.com/product/220255278,,BOOSTER_PRO,text_variant,not_requested
메디큐브 부스터 프로,220248839,메디큐브 부스터프로 미니 플러스 마이멜로디 판매,80000,3,판매완료,대명1동,2025-09-30 13:26:55,https://web.joongna.com/product/220248839,,BOOSTER_PRO_MINI,text_variant,not_requested
메디큐브 부스터 프로,220241198,메디큐브 부스터프로 정품,170000,3,판매완료,,2025-09-30 09:42:28,https://web.joongna.com/product/220241198,,BOOSTER_PRO,text_variant,not_requested
메디큐브 부스터 프로,220227690,(새상품/미개봉) 메디큐브 에이지 알 부스터 프로,215000,0,판매중,성복동,2025-09-29 20:12:18,https://web.joongna.com/product/220227690,,BOOSTER_PRO,text_variant,not_requested
메디큐브 부스터 프로,220136880,메디큐브 부스터프로,150000,3,판매완료,교1동,2025-09-28 14:56:04,https://web.joongna.com/product/220136880,,BOOSTER_PRO,text_variant,not_requested
메디큐브 부스터 프로,220148213,(미개봉) 메디큐브 에이지알 부스터 프로,220000,3,판매완료,,2025-09-27 15:25:38,https://web.joongna.com/product/220148213,,BOOSTER_PRO,text_variant,not_requested
메디큐브 부스터 프로,220137107,메디큐브 에이지알 부스터프로 옐로우 팝니다.,180000,3,판매완료,동춘1동,2025-09-27 09:48:52,https://web.joongna.com/product/220137107,,BOOSTER_PRO,text_variant,not_requested
메디큐브 부스터 프로,220130622,(미개봉/새상품) 메디큐브 에이지알 부스터프로,195000,3,판매완료,,2025-09-26 23:52:27,https://web.joongna.com/product/220130622,,BOOSTER_PRO,text_variant,not_requested
메디큐브 부스터 프로,220129914,메디큐브 에이지알 부스터 프로 마사지기,150000,3,판매완료,백석1동,2025-09-26 23:26:22,https://web.joongna.com/product/220129914,,BOOSTER_PRO,text_variant,not_requested
메디큐브 부스터 프로,220108653,[박스미개봉] 메디큐브 에이지알 부스터프로 마이멜로디,300000,3,판매완료,,2025-09-26 13:02:26,https://web.joongna.com/product/220108653,,BOOSTER_PRO,text_variant,not_requested
메디큐브 부스터 프로,219590302,메디큐브 부스터프로,200000,0,판매중,내외동,2025-09-26 12:51:02,https://web.joongna.com/product/219590302,,BOOSTER_PRO,text_variant,not_requested
메디큐브 부스터 프로,220055731,[완전미개봉]메디큐브 부스터프로 + 비타C앰플,205000,3,판매완료,,2025-09-24 23:37:43,https://web.joongna.com/product/220055731,,BOOSTER_PRO,text_variant,not_requested
메디큐브 부스터 프로,212143671,메디큐브 부스터프로,180000,0,판매중,,2025-09-23 22:43:43,https://web.joongna.com/product/212143671,,BOOSTER_PRO,text_variant,not_requested
메디큐브 부스터 프로,220009471,메디큐브 마이멜로디 부스터프로 미니플러스 새상품,100000,3,판매완료,,2025-09-23 20:32:49,https://web.joongna.com/product/220009471,,BOOSTER_PRO_MINI,text_variant,not_requested
메디큐브 부스터 프로,219920527,미개봉 새상품) 메디큐브 부스터프로,215000,3,판매완료,성내1동,2025-09-23 13:43:12,https://web.joongna.com/product/219920527,,BOOSTER_PRO,text_variant,not_requested
메디큐브 부스터 프로,219967311,메디큐브 에이지알 부스터프로 미니 화이트,75000,3,판매완료,첨단2동,2025-09-22 18:37:50,https://web.joongna.com/product/219967311,,BOOSTER_PRO_MINI,text_variant,not_requested
메디큐브 부스터 프로,218885727,메디큐브 부스터프로 쿠로미,330000,3,판매완료,,2025-09-22 17:04:55,https://web.joongna.com/product/218885727,,BOOSTER_PRO,text_variant,not_requested
메디큐브 부스터 프로,219914487,메디큐브 부스터프로 마이멜로디 에디션,270000,3,판매완료,대치4동,2025-09-21 18:26:57,https://web.joongna.com/product/219914487,,BOOSTER_PRO,text_variant,not_requested
메디큐브 부스터 프로,219828977,메디큐브 에이지알 부스터프로,150000,3,판매완료,,2025-09-20 11:55:31,https://web.joongna.com/product/219828977,,BOOSTER_PRO,text_variant,not_requested
메디큐브 부스터 프로,219792648,메디큐브 부스터 프로,130000,3,판매완료,,2025-09-19 18:44:40,https://web.joongna.com/product/219792648,,BOOSTER_PRO,text_variant,not_requested
메디큐브 부스터 프로,219286242,메디큐브 에이지알 부스터 프로,150000,3,판매완료,화도읍,2025-09-18 21:23:58,https://web.joongna.com/product/219286242,,BOOSTER_PRO,text_variant,not_requested
메디큐브 부스터 프로,219288486,메디큐브 에이지알 부스터 프로,150000,3,판매완료,화도읍,2025-09-18 21:23:15,https://web.joongna.com/product/219288486,,BOOSTER_PRO,text_variant,not_requested
메디큐브 부스터 프로,219734038,메디큐브 부스터프로 (미개봉 새상품),190000,3,판매완료,세곡동,2025-09-18 20:51:38,https://web.joongna.com/product/219734038,,BOOSTER_PRO,text_variant,not_requested
메디큐브 부스터 프로,219716566,메디큐브 에이지알 부스터 프로,180000,3,판매완료,,2025-09-18 15:55:27,https://web.joongna.com/product/219716566,,BOOSTER_PRO,text_variant,not_requested
메디큐브 부스터 프로,219711596,메디큐브 부스터프로(택포),200000,3,판매완료,,2025-09-18 14:39:44,https://web.joongna.com/product/219711596,,BOOSTER_PRO,text_variant,not_requested
메디큐브 부스터 프로,219536078,메디큐브 부스터프로 거의 새것 판매합니다,170000,3,판매완료,,2025-09-15 21:33:20,https://web.joongna.com/product/219536078,,BOOSTER_PRO,text_variant,not_requested
메디큐브 부스터 프로,219535929,메디큐브 부스터프로 미개봉 새제품 팝니다.,200000,3,판매완료,평동,2025-09-15 21:31:10,https://web.joongna.com/product/219535929,,BOOSTER_PRO,text_variant,not_requested
메디큐브 부스터 프로,219342833,새상품 메디큐브 부스터프로 미니 플러스+클렌징,110000,3,판매완료,덕풍2동,2025-09-15 21:15:32,https://web.joongna.com/product/219342833,,BOOSTER_PRO_MINI,text_variant,not_requested
메디큐브 부스터 프로,219520947,메디큐브 부스터프로,250000,3,판매완료,,2025-09-15 17:27:36,https://web.joongna.com/product/219520947,,BOOSTER_PRO,text_variant,not_requested
메디큐브 부스터 프로,219511549,메디큐브 부스터프로 핑크 풀박스,170000,3,판매완료,대야동,2025-09-15 15:08:01,https://web.joongna.com/product/219511549,,BOOSTER_PRO,text_variant,not_requested
메디큐브 부스터 프로,219482791,메디큐브 에이지알 부스터 프로,150000,3,판매완료,,2025-09-15 07:40:18,https://web.joongna.com/product/219482791,,BOOSTER_PRO,text_variant,not_requested
메디큐브 부스터 프로,219463797,메디큐브 에이지알 부스터프로,170000,3,판매완료,,2025-09-14 20:06:33,https://web.joongna.com/product/219463797,,BOOSTER_PRO,text_variant,not_requested
메디큐브 부스터 프로,219437908,메디큐브 부스터프로 미니 춘식이에디션,60000,3,판매완료,,2025-09-14 13:02:37,https://web.joongna.com/product/219437908,,BOOSTER_PRO_MINI,text_variant,not_requested
메디큐브 부스터 프로,219411087,메디큐브 에이지알 부스터 프로 핑크 새상품,250000,0,판매중,,2025-09-13 22:51:24,https://web.joongna.com/product/219411087,,BOOSTER_PRO,text_variant,not_requested
메디큐브 부스터 프로,219388946,메디큐브 부스터프로 미니(중고) + pdrn 핑크 펩타이드 세럼(새제품),72000,3,판매완료,,2025-09-13 16:01:02,https://web.joongna.com/product/219388946,,BOOSTER_PRO_MINI,text_variant,not_requested
메디큐브 부스터 프로,219378785,메디큐브 에이지알 부스터프로,160000,3,판매완료,,2025-09-13 13:16:12,https://web.joongna.com/product/219378785,,BOOSTER_PRO,text_variant,not_requested
메디큐브 부스터 프로,219362697,[박스미개봉 새상품]메디큐브 에이지알 부스터프로 특별에디션 헬로키티세트,330000,3,판매완료,,2025-09-13 09:03:23,https://web.joongna.com/product/219362697,,BOOSTER_PRO,text_variant,not_requested
메디큐브 부스터 프로,219361574,메디큐브 부스터프로 헬로키티 에디션,270000,3,판매완료,,2025-09-13 08:34:34,https://web.joongna.com/product/219361574,,BOOSTER_PRO,text_variant,not_requested
메디큐브 부스터 프로,219355734,메디큐브 부스터프로,50000,3,판매완료,대이동,2025-09-13 00:44:22,https://web.joongna.com/product/219355734,,BOOSTER_PRO,text_variant,not_requested
메디큐브 부스터 프로,219331479,메디큐브 부스터프로 블랙 판매합니다.,170000,3,판매완료,,2025-09-12 17:21:03,https://web.joongna.com/product/219331479,,BOOSTER_PRO,text_variant,not_requested
메디큐브 부스터 프로,219284687,메디큐브 부스터프로,220000,0,판매중,,2025-09-11 21:46:45,https://web.joongna.com/product/219284687,,BOOSTER_PRO,text_variant,not_requested
메디큐브 부스터 프로,219275251,메디큐브 부스터프로,250000,3,판매완료,,2025-09-11 18:56:57,https://web.joongna.com/product/219275251,,BOOSTER_PRO,text_variant,not_requested
메디큐브 부스터 프로,219250168,메디큐브 에이지알 부스터프로,250000,0,판매중,,2025-09-11 12:07:39,https://web.joongna.com/product/219250168,,BOOSTER_PRO,text_variant,not_requested
메디큐브 부스터 프로,219221239,미개봉 메디큐브 부스터프로 팝니다,215000,3,판매완료,,2025-09-10 22:04:14,https://web.joongna.com/product/219221239,,BOOSTER_PRO,text_variant,not_requested
메디큐브 부스터 프로,219140565,메디큐브 부스터프로 미개봉 새상품,210000,3,판매완료,북부동,2025-09-09 17:55:45,https://web.joongna.com/product/219140565,,BOOSTER_PRO,text_variant,not_requested
메디큐브 부스터 프로,219086749,메디큐브 부스터프로,165000,3,판매완료,,2025-09-08 21:06:36,https://web.joongna.com/product/219086749,,BOOSTER_PRO,text_variant,not_requested
메디큐브 부스터 프로,219076093,메디큐브 에이지알 부스터프로,170000,3,판매완료,,2025-09-08 18:06:34,https://web.joongna.com/product/219076093,,BOOSTER_PRO,text_variant,not_requested
메디큐브 부스터 프로,219058397,메디큐브 부스터프로,180000,3,판매완료,,2025-09-08 13:41:27,https://web.joongna.com/product/219058397,,BOOSTER_PRO,text_variant,not_requested
메디큐브 부스터 프로,218975196,메디큐브 에이지알 부스터프로,170000,3,판매완료,,2025-09-07 07:32:47,https://web.joongna.com/product/218975196,,BOOSTER_PRO,text_variant,not_requested
메디큐브 부스터 프로,218971937,메디큐브 부스터프로 택포15,150000,3,판매완료,,2025-09-07 01:21:54,https://web.joongna.com/product/218971937,,BOOSTER_PRO,text_variant,not_requested
메디큐브 부스터 프로,218916767,미개봉 ~ 메디큐브 마이멜로디 부스터프로 미니플러스 (우체국택배비 포함),90000,3,판매완료,,2025-09-06 08:07:40,https://web.joongna.com/product/218916767,,BOOSTER_PRO_MINI,text_variant,not_requested
메디큐브 부스터 프로,218907349,메디큐브 에이지알 부스터프로,180000,3,판매완료,,2025-09-05 22:55:02,https://web.joongna.com/product/218907349,,BOOSTER_PRO,text_variant,not_requested
메디큐브 부스터 프로,218844014,메디큐브부스터프로핑크,170000,3,판매완료,진미동,2025-09-04 22:59:16,https://web.joongna.com/product/218844014,,BOOSTER_PRO,text_variant,not_requested
메디큐브 부스터 프로,217989882,메디큐브 부스터프로미니 춘식이,90000,3,판매완료,,2025-08-27 16:24:42,https://web.joongna.com/product/217989882,,BOOSTER_PRO_MINI,text_variant,not_requested
